<?xml version="1.0" encoding="utf-8"?>
<daemon-config>
	<node manager-port="9999">
		
		<engine-container>
			<name>tran</name>
        	<command-option>-Xms128m -Xmx256m</command-option>
			<type>kr.fujitsu.com.ffw.daemon.net.server.ActionServerContainer</type>
        	<action>biz.tran.TranAction</action>
       		<tcp-configuration>
        		<!-- 
        			socket 서버가 클라이언트를 대기하는 시간 이 시간내에 접속이 들어오지 않으면 에러
        			거의 쓸일이 없음 , Socket 서버 모드가 아니면 사용 안됨
					Ex: SocketServer.setSoTimeout(3000);
        		-->
        		<accept-time-out>0</accept-time-out>
        		<!--
        			목표로 하는 타겟에 해당 시간안에 접속 못하면 에러, Socket이 클라이언트 모드 일 때 사용됨
        			Ex: Socket.connect(new InetSocketAddress("host",8080), 1000);
        		-->
        		<connect-time-out>0</connect-time-out>
        		<!--
        			접속후 해당 시간 안에 메시지 송/수신이 완료되지 않으면 에러
        			Ex: Socket.setSoTimeout(3000);
        		-->
        		<read-time-out>3000</read-time-out>
        	</tcp-configuration>
        	<application-port>9002</application-port>
	   		<container-management>
	   			<internal-port>14002</internal-port> <!-- 필수 사항 -->
				<conditional-management>
					<value>false</value>
		   			<conditional-executor>
		   				<type>kr.fujitsu.com.ffw.daemon.net.executor.ScheduleAtFixedRate</type>
		   				<first-execute-time></first-execute-time> <!-- mmddyyyy hh:mm:ss -->
		   				<execute-period></execute-period> <!-- long type -->
		   			</conditional-executor>
				</conditional-management> 
	   		</container-management>	   		
	   		<socket-filter>biz.comm.COMMHeaderFilter</socket-filter>
	   		<access-logger>kr.fujitsu.com.ffw.daemon.net.logger.BasicServerAccessLogger</access-logger>	   		                        
        	<thread-pool>
        		<init>100</init>
        		<max>1000</max>
        		<min>100</min>
        		<idle>100</idle>
       		</thread-pool>
       		<engine-attribute>
        		<attribute>
        			<name>test1</name>
        			<value>1111</value>
        		</attribute>
        		<attribute>
        			<name>test2</name>
        			<value>2222</value>
        		</attribute>
        	</engine-attribute>
		</engine-container>
		<engine-container>
			<name>journal</name>
        	<command-option>-Xms128m -Xmx128m</command-option>
			<type>kr.fujitsu.com.ffw.daemon.net.server.ActionServerContainer</type>
        	<action>biz.journal.JournalAction</action>
       		<tcp-configuration>
        		<!-- 
        			socket 서버가 클라이언트를 대기하는 시간 이 시간내에 접속이 들어오지 않으면 에러
        			거의 쓸일이 없음 , Socket 서버 모드가 아니면 사용 안됨
					Ex: SocketServer.setSoTimeout(3000);
        		-->
        		<accept-time-out>0</accept-time-out>
        		<!--
        			목표로 하는 타겟에 해당 시간안에 접속 못하면 에러, Socket이 클라이언트 모드 일 때 사용됨
        			Ex: Socket.connect(new InetSocketAddress("host",8080), 1000);
        		-->
        		<connect-time-out>0</connect-time-out>
        		<!--
        			접속후 해당 시간 안에 메시지 송/수신이 완료되지 않으면 에러
        			Ex: Socket.setSoTimeout(3000);
        		-->
        		<read-time-out>3000</read-time-out>
        	</tcp-configuration>        	
        	<application-port>9003</application-port>
	   		<container-management>
	   			<internal-port>14003</internal-port> <!-- 필수 사항 -->
				<conditional-management>
					<value>false</value>
		   			<conditional-executor>
		   				<type>kr.fujitsu.com.ffw.daemon.net.executor.ScheduleAtFixedRate</type>
		   				<first-execute-time></first-execute-time> <!-- mmddyyyy hh:mm:ss -->
		   				<execute-period></execute-period> <!-- long type -->
		   			</conditional-executor>
				</conditional-management> 
	   		</container-management>
	   		<socket-filter>biz.comm.COMMHeaderFilter</socket-filter> 
	   		<access-logger>kr.fujitsu.com.ffw.daemon.net.logger.BasicServerAccessLogger</access-logger>
        	<thread-pool>
        		<init>100</init>
        		<max>1000</max>
        		<min>100</min>
        		<idle>100</idle>
       		</thread-pool>
       		<engine-attribute>
        		<attribute>
        			<name>test1</name>
        			<value>1111</value>
        		</attribute>
        		<attribute>
        			<name>test2</name>
        			<value>2222</value>
        		</attribute>
        	</engine-attribute>
		</engine-container>
		<engine-container>
			<name>sysinq</name>
        	<command-option>-Xms128m -Xmx128m</command-option>
			<type>kr.fujitsu.com.ffw.daemon.net.server.ActionServerContainer</type>
        	<action>biz.sysinq.SysInqAction</action>
       		<tcp-configuration>
        		<!-- 
        			socket 서버가 클라이언트를 대기하는 시간 이 시간내에 접속이 들어오지 않으면 에러
        			거의 쓸일이 없음 , Socket 서버 모드가 아니면 사용 안됨
					Ex: SocketServer.setSoTimeout(3000);
        		-->
        		<accept-time-out>0</accept-time-out>
        		<!--
        			목표로 하는 타겟에 해당 시간안에 접속 못하면 에러, Socket이 클라이언트 모드 일 때 사용됨
        			Ex: Socket.connect(new InetSocketAddress("host",8080), 1000);
        		-->
        		<connect-time-out>0</connect-time-out>
        		<!--
        			접속후 해당 시간 안에 메시지 송/수신이 완료되지 않으면 에러
        			Ex: Socket.setSoTimeout(3000);
        		-->
        		<read-time-out>3000</read-time-out>
        	</tcp-configuration>        	
        	<application-port>9001</application-port>
	   		<container-management>
	   			<internal-port>14004</internal-port> <!-- 필수 사항 -->
				<conditional-management>
					<value>false</value>
		   			<conditional-executor>
		   				<type>kr.fujitsu.com.ffw.daemon.net.executor.ScheduleAtFixedRate</type>
		   				<first-execute-time></first-execute-time> <!-- mmddyyyy hh:mm:ss -->
		   				<execute-period></execute-period> <!-- long type -->
		   			</conditional-executor>
				</conditional-management> 
	   		</container-management>     
	   		<socket-filter>biz.comm.COMMHeaderFilter</socket-filter> 
	   		<access-logger>kr.fujitsu.com.ffw.daemon.net.logger.BasicServerAccessLogger</access-logger>
        	<thread-pool>
        		<init>100</init>
        		<max>1000</max>
        		<min>100</min>
        		<idle>100</idle>
       		</thread-pool>
       		<engine-attribute>
        		<attribute>
        			<name>test1</name>
        			<value>1111</value>
        		</attribute>
        		<attribute>
        			<name>test2</name>
        			<value>2222</value>
        		</attribute>
        	</engine-attribute>
		</engine-container>	
		<engine-container>
			<name>deploy</name>
        	<command-option>-Xms128m -Xmx256m</command-option>
			<type>kr.fujitsu.com.ffw.daemon.net.client.ActionClientContainer</type>
        	<action>biz.deploy.DeployClientAction</action>
       		<tcp-configuration>
        		<!-- 
        			socket 서버가 클라이언트를 대기하는 시간 이 시간내에 접속이 들어오지 않으면 에러
        			거의 쓸일이 없음 , Socket 서버 모드가 아니면 사용 안됨
					Ex: SocketServer.setSoTimeout(3000);
        		-->
        		<accept-time-out>0</accept-time-out>
        		<!--
        			목표로 하는 타겟에 해당 시간안에 접속 못하면 에러, Socket이 클라이언트 모드 일 때 사용됨
        			Ex: Socket.connect(new InetSocketAddress("host",8080), 1000);
        		-->
        		<connect-time-out>13000</connect-time-out>
        		<!--
        			접속후 해당 시간 안에 메시지 송/수신이 완료되지 않으면 에러
        			Ex: Socket.setSoTimeout(3000);
        		-->
        		<read-time-out>15000</read-time-out>
        	</tcp-configuration>        	
        	<application-port></application-port>
	   		<container-management>
	   			<internal-port>14005</internal-port> <!-- 필수 사항 -->
				<conditional-management>
					<value>true</value>
		   			<conditional-executor>
		   				<type></type>
		   				<first-execute-time></first-execute-time> <!-- mmddyyyy hh:mm:ss -->
		   				<execute-period></execute-period> <!-- long type -->
		   			</conditional-executor>
				</conditional-management> 
	   		</container-management> 
	   		<socket-filter>biz.comm.COMMHeaderFilter</socket-filter>
	   		<access-logger>kr.fujitsu.com.ffw.daemon.net.logger.BasicClientAccessLogger</access-logger>
        	<thread-pool>
        		<init>100</init>
        		<max>1000</max>
        		<min>100</min>
        		<idle>100</idle>
       		</thread-pool>
       		<engine-attribute>
        		<attribute>
        			<name>test1</name>
        			<value>1111</value>
        		</attribute>
        		<attribute>
        			<name>test2</name>
        			<value>2222</value>
        		</attribute>
        	</engine-attribute>
		</engine-container>		
		<engine-container>
			<name>master</name>
        	<command-option>-Xms128m -Xmx128m</command-option>
			<type>kr.fujitsu.com.ffw.daemon.net.client.ActionClientContainer</type>
        	<action>biz.master.MasterClientAction</action>
        	<tcp-configuration>
        		<!-- 
        			socket 서버가 클라이언트를 대기하는 시간 이 시간내에 접속이 들어오지 않으면 에러
        			거의 쓸일이 없음 , Socket 서버 모드가 아니면 사용 안됨
					Ex: SocketServer.setSoTimeout(3000);
        		-->
        		<accept-time-out>0</accept-time-out>
        		<!--
        			목표로 하는 타겟에 해당 시간안에 접속 못하면 에러, Socket이 클라이언트 모드 일 때 사용됨
        			Ex: Socket.connect(new InetSocketAddress("host",8080), 1000);
        		-->
        		<connect-time-out>0</connect-time-out>
        		<!--
        			접속후 해당 시간 안에 메시지 송/수신이 완료되지 않으면 에러
        			Ex: Socket.setSoTimeout(3000);
        		-->
        		<read-time-out>3000</read-time-out>
        	</tcp-configuration>
        	<application-port></application-port>
	   		<container-management>
	   			<internal-port>14006</internal-port> <!-- 필수 사항 -->
				<conditional-management>
					<value>true</value>
		   			<conditional-executor>
		   				<type></type>
		   				<first-execute-time></first-execute-time> <!-- mmddyyyy hh:mm:ss -->
		   				<execute-period></execute-period> <!-- long type -->
		   			</conditional-executor>
				</conditional-management> 
	   		</container-management>     
	   		<socket-filter>biz.comm.COMMHeaderFilter</socket-filter>
	   		<access-logger>kr.fujitsu.com.ffw.daemon.net.logger.BasicClientAccessLogger</access-logger>
        	<thread-pool>
        		<init>100</init>
        		<max>1000</max>
        		<min>100</min>
        		<idle>100</idle>
       		</thread-pool>
       		<engine-attribute>
        		<attribute>
        			<name>test1</name>
        			<value>1111</value>
        		</attribute>
        		<attribute>
        			<name>test2</name>
        			<value>2222</value>
        		</attribute>
        	</engine-attribute>
		</engine-container>
	</node>	
	<model>
		<!-- restrict-level(none, warning, error) -->
		<record-fetch restrict-level="warning" max-count="100" />
		<character-set>
			<input>UTF-8,UTF-8</input>
			<output>UTF-8,UTF-8</output>
		</character-set>
		<database name="Tutorial">
			<!-- <lookup>SAMPLE2</lookup>  -->
			<dbcp>
				<default-auto-commit>false</default-auto-commit>
				<default-transaction-isolation>
					TRANSACTION_READ_COMMITED
				</default-transaction-isolation>
				<driver-class>
					oracle.jdbc.driver.OracleDriver 
				</driver-class>
				<initial-size>1</initial-size>
				<log-abandoned>true</log-abandoned>
				<max-active>25</max-active>
				<max-idle>20</max-idle>
				<max-wait>10000</max-wait>
				<min-idle>10</min-idle>
				<url>jdbc:oracle:thin:@127.0.0.1:1521:orcl</url>
				<user>scott</user>
				<password>tiger</password>
				<remove-abandoned>true</remove-abandoned>
				<remove-abandoned-timeout>
					10000
				</remove-abandoned-timeout>
				<validation-query>select * from dual</validation-query>
			</dbcp>
		</database>
		<database name="CMGNS">
			<!-- <lookup>SAMPLE2</lookup>  -->
			<dbcp>
				<default-auto-commit>false</default-auto-commit>
				<default-transaction-isolation>
					TRANSACTION_READ_COMMITED
				</default-transaction-isolation>
				<driver-class>
					com.microsoft.sqlserver.jdbc.SQLServerDriver
				</driver-class>
				<initial-size>1</initial-size>
				<log-abandoned>true</log-abandoned>
				<max-active>25</max-active>
				<max-idle>20</max-idle>
				<max-wait>10000</max-wait>
				<min-idle>10</min-idle>
				<url>jdbc:sqlserver://10.166.97.107:1433;databaseName=CMGNS;</url>
				<user>CMGNS</user>
				<password>CMGNS</password>
				<remove-abandoned>true</remove-abandoned>
				<remove-abandoned-timeout>0</remove-abandoned-timeout>
				<validation-query>select getdate()</validation-query>
			</dbcp>
		</database>
	</model>
	<log-configuration>
		<appender name="FILE" class="org.apache.log4j.DailyRollingFileAppender" >
			<param name="File" value="./../../../logs/sms/engine.log" />
			<param name="DatePattern" value=".yyyy-MM-dd" />
			<layout class="org.apache.log4j.PatternLayout">
				<param name="ConversionPattern" value="%d %m%n"/>
			</layout>
		</appender>
		<appender name="TRAN" class="org.apache.log4j.DailyRollingFileAppender">
		    <param name="File" value="./../../../logs/sms/tran.log"/>
		    <param name="DatePattern" value=".yyyy-MM-dd"/>
		    <layout class="org.apache.log4j.PatternLayout">
		        <param name="ConversionPattern" value="[%5p][%t][%d] %m%n" />
		    </layout>
		</appender>
		<appender name="JOURNAL" class="org.apache.log4j.DailyRollingFileAppender">
		    <param name="File" value="./../../../logs/sms/journal.log"/>
		    <param name="DatePattern" value=".yyyy-MM-dd"/>
		    <layout class="org.apache.log4j.PatternLayout">
		        <param name="ConversionPattern" value="%d %m%n" />
		    </layout>
		</appender>		
		<appender name="SYSINQ" class="org.apache.log4j.DailyRollingFileAppender">
		    <param name="File" value="./../../../logs/sms/sysinq.log"/>
		    <param name="DatePattern" value=".yyyy-MM-dd"/>
		    <layout class="org.apache.log4j.PatternLayout">
		        <param name="ConversionPattern" value="%d %m%n" />
		    </layout>
		</appender>	        
		<appender name="DEPLOY" class="org.apache.log4j.DailyRollingFileAppender">
		    <param name="File" value="./../../../logs/sms/deploy.log"/>
		    <param name="DatePattern" value=".yyyy-MM-dd"/>
		    <layout class="org.apache.log4j.PatternLayout">
		        <param name="ConversionPattern" value="%d %m%n" />
		    </layout>
		</appender>	        
		<appender name="MASTER" class="org.apache.log4j.DailyRollingFileAppender">
		    <param name="File" value="./../../../logs/sms/master.log"/>
		    <param name="DatePattern" value=".yyyy-MM-dd"/>
		    <layout class="org.apache.log4j.PatternLayout">
		        <param name="ConversionPattern" value="%d %m%n" />
		    </layout>
		</appender>	  
	    <logger name="biz.master.MasterClientAction">
            <level value="INFO"/>
            <appender-ref ref="MASTER"/>
        </logger>
	    <logger name="biz.deploy.DeployClientAction">
            <level value="INFO"/>
            <appender-ref ref="DEPLOY"/>
        </logger>
	    <logger name="biz.sysinq.SysInqAction">
            <level value="INFO"/>
            <appender-ref ref="SYSINQ"/>
        </logger>
	    <logger name="biz.journal.JournalAction">
            <level value="INFO"/>
            <appender-ref ref="JOURNAL"/>
        </logger>
        <logger name="biz.tran.TranAction">
            <level value="INFO"/>
            <appender-ref ref="TRAN"/>
        </logger>
		<logger name="kr.fujitsu.com.ffw">
			<level value="INFO"/>
			<appender-ref ref="FILE"/>
		</logger>
		<!-- 
		  <root>
		    <level value="INFO"/>
		    <appender-ref ref="FILE"/>
		  </root>  
		 --> 
 	</log-configuration>
	<resource-repository>
		<resource type="sql"      src="./xml/sample-sql.xml" />
		<resource type="property" src="./xml/sample-property.xml" />
		<resource type="sql"      src="./xml/stsys-sql.xml" />
		<resource type="property" src="./xml/stsys-property.xml" />
		<resource type="telegram" src="./xml/message-form.xml" />
		<resource type="sql"      src="./xml/tran-sql.xml" />
		<resource type="sql"      src="./xml/journal-sql.xml" />
		<resource type="sql"      src="./xml/sysinq-sql.xml" />
		<resource type="telegram" src="./xml/comm-form.xml" />
		<resource type="telegram" src="./xml/tran-form.xml" />
		<resource type="telegram" src="./xml/journal-form.xml" />
	</resource-repository>
</daemon-config>
