<?xml version="1.0" encoding="utf-8"?>
<property-resource key="communication-property">
  <property name="SSGPOINT_SERVER_IP">
    <![CDATA[174.100.67.125]]>
  </property>
  <property name="SSGPOINT_SERVER_PORT">
    <![CDATA[64000]]>
  </property>
  <property name="SSGPOINT_FTP_SERVER_IP">
    <![CDATA[174.100.67.130]]>
  </property>
  <property name="SSGPOINT_FTP_SERVER_PORT">
    <![CDATA[9119]]>
  </property>
  <property name="SSGPOINT_FTP_SERVER_ID">
    <![CDATA[ftpcnv]]>
  </property>
  <property name="SSGPOINT_FTP_SERVER_PWD">
    <![CDATA[Spoint0201]]>
  </property>
  
  <property name="CG_FTP_SERVER_IP">
    <![CDATA[119.207.70.214]]>
  </property>
  <property name="CG_FTP_SERVER_PORT">
    <![CDATA[2121]]>
  </property>
  <property name="CG_FTP_SERVER_ID">
    <![CDATA[withme]]>
  </property>
  <property name="CG_FTP_SERVER_PWD">
    <![CDATA[withme@cash7]]>
  </property>
  
  <property name="BT_FTP_SERVER_IP">
    <![CDATA[]]>
  </property>
  <property name="BT_FTP_SERVER_PORT">
    <![CDATA[]]>
  </property>
  <property name="BT_FTP_SERVER_ID">
    <![CDATA[]]>
  </property>
  <property name="BT_FTP_SERVER_PWD">
    <![CDATA[]]>
  </property>
  
  <property name="MT_FTP_SERVER_IP">
    <![CDATA[]]>
  </property>
  <property name="MT_FTP_SERVER_PORT">
    <![CDATA[]]>
  </property>
  <property name="MT_FTP_SERVER_ID">
    <![CDATA[]]>
  </property>
  <property name="MT_FTP_SERVER_PWD">
    <![CDATA[]]>
  </property>
  
  <property name="TMONEY_BATCH_IP">
    <![CDATA[210.216.95.125]]>
  </property>
  <property name="TMONEY_BATCH_PORT">
    <![CDATA[38301]]>
  </property>
  <property name="TMONEY_COMM_IP">
    <![CDATA[210.216.95.136]]>
  </property>
  <property name="TMONEY_COMM_PORT">
    <![CDATA[5910]]>
  </property>
  <property name="CASHBEE_BATCH_IP">
    <![CDATA[58.180.191.107]]>
  </property>
  <property name="CASHBEE_BATCH_PORT">
    <![CDATA[49503]]>
  </property>
  <property name="CASHBEE_COMM_IP">
    <![CDATA[58.180.191.106]]>
  </property>
  <property name="CASHBEE_COMM_PORT">
    <![CDATA[50001]]>
  </property>
  
  <property name="CJPARCEL_COMM_IP">
    <![CDATA[]]>
  </property>
  <property name="CJPARCEL_COMM_PORT">
    <![CDATA[]]>
  </property>
  <property name="CJPARCEL_FTP_IP">
    <![CDATA[]]>
  </property>
  <property name="CJPARCEL_FTP_PORT">
    <![CDATA[]]>
  </property>
  <property name="CJPARCEL_FTP_ID">
  	<![CDATA[]]>
  </property>
  <property name="CJPARCEL_FTP_PWD">
  	<![CDATA[]]>
  </property>
  
  <property name="TelecomKt_apprsvr_IP">
  	<![CDATA[]]>
  </property>
  <property name="TelecomKt_apprsvr_PORT">
  	<![CDATA[]]>
  </property>
</property-resource>
