<?xml version="1.0" encoding="utf-8"?>
<daemon-config>
    <node manager-port="9999">
        
        <engine-container>
            <name>cms_PDACommIf2</name>
            <command-option>-Xms128m -Xmx128m</command-option>
            <type>kr.fujitsu.com.ffw.daemon.net.server.ActionServerContainer</type>
            <action>biz.cms_PDACommIf2.PDACommIFAction2</action>
            <tcp-configuration>
                <accept-time-out>0</accept-time-out>
                <connect-time-out>0</connect-time-out>
                <read-time-out>3000</read-time-out>
            </tcp-configuration>
            <application-port>9020</application-port>
            <container-management>
                <internal-port>14100</internal-port>
                <conditional-management>
                    <value>false</value>
                    <conditional-executor>
                        <type></type>
                        <first-execute-time></first-execute-time>
                        <execute-period></execute-period>
                    </conditional-executor>
                </conditional-management>
            </container-management>
            <socket-filter>biz.comm.COMMHeaderFilter_PDA</socket-filter>
            <access-logger>kr.fujitsu.com.ffw.daemon.net.logger.BasicServerAccessLogger</access-logger>
            <thread-pool>
                <init>5</init>
                <max>30</max>
                <min>5</min>
                <idle>5</idle>
            </thread-pool>
            <engine-attribute>
            </engine-attribute>
        </engine-container>

        <engine-container>
            <name>cms_PDACommIf3</name>
            <command-option>-Xms128m -Xmx128m</command-option>
            <type>kr.fujitsu.com.ffw.daemon.net.server.ActionServerContainer</type>
            <action>biz.cms_PDACommIf3.PDACommIFAction3</action>
            <tcp-configuration>
                <accept-time-out>0</accept-time-out>
                <connect-time-out>0</connect-time-out>
                <read-time-out>3000</read-time-out>
            </tcp-configuration>
            <application-port>9021</application-port>
            <container-management>
                <internal-port>14101</internal-port>
                <conditional-management>
                    <value>false</value>
                    <conditional-executor>
                        <type></type>
                        <first-execute-time></first-execute-time>
                        <execute-period></execute-period>
                    </conditional-executor>
                </conditional-management>
            </container-management>
            <socket-filter>biz.comm.COMMHeaderFilter_PDA</socket-filter>
            <access-logger>kr.fujitsu.com.ffw.daemon.net.logger.BasicServerAccessLogger</access-logger>
            <thread-pool>
                <init>5</init>
                <max>30</max>
                <min>5</min>
                <idle>5</idle>
            </thread-pool>
            <engine-attribute>
            </engine-attribute>
        </engine-container>
        
        <engine-container>
            <name>cms_JournalRcv</name>
            <command-option>-Xms128m -Xmx128m</command-option>
            <type>kr.fujitsu.com.ffw.daemon.net.server.ActionServerContainer</type>
            <action>biz.cms_JournalRcv.JournalRcvAction</action>
            <tcp-configuration>
                <accept-time-out>0</accept-time-out>
                <connect-time-out>0</connect-time-out>
                <read-time-out>3000</read-time-out>
            </tcp-configuration>
            <application-port>9003</application-port>
            <container-management>
                <internal-port>14001</internal-port>
                <conditional-management>
                    <value>false</value>
                    <conditional-executor>
                        <type></type>
                        <first-execute-time></first-execute-time>
                        <execute-period></execute-period>
                    </conditional-executor>
                </conditional-management>
            </container-management>
            <socket-filter>biz.comm.COMMHeaderFilter</socket-filter>
            <access-logger>kr.fujitsu.com.ffw.daemon.net.logger.BasicServerAccessLogger</access-logger>
            <thread-pool>
                <init>5</init>
                <max>30</max>
                <min>5</min>
                <idle>5</idle>
            </thread-pool>
            <engine-attribute>
            </engine-attribute>
        </engine-container>

        <engine-container>
            <name>cms_TranRcv</name> 
            <command-option>-Xms128m -Xmx128m</command-option>
            <type>kr.fujitsu.com.ffw.daemon.net.server.ActionServerContainer</type>
            <action>biz.cms_TranRcv.TranRcvAction</action>
            <tcp-configuration>
                <accept-time-out>0</accept-time-out>
                <connect-time-out>0</connect-time-out>
                <read-time-out>3000</read-time-out>
            </tcp-configuration>
            <application-port>9002</application-port>
            <container-management>
                <internal-port>14002</internal-port>
                <conditional-management>
                    <value>false</value>
                    <conditional-executor>
                        <type></type>
                        <first-execute-time></first-execute-time>
                        <execute-period></execute-period>
                    </conditional-executor>
                </conditional-management>
            </container-management>
            <socket-filter>biz.comm.COMMHeaderFilter</socket-filter>
            <access-logger>kr.fujitsu.com.ffw.daemon.net.logger.BasicServerAccessLogger</access-logger>
            <thread-pool>
                <init>5</init>
                <max>30</max>
                <min>5</min>
                <idle>5</idle>
            </thread-pool>
            <engine-attribute>
            </engine-attribute>
        </engine-container>
        
        <engine-container>
            <name>cms_SysInfoRcv</name>
            <command-option>-Xms128m -Xmx128m</command-option>
            <type>kr.fujitsu.com.ffw.daemon.net.server.ActionServerContainer</type>
            <action>biz.cms_SysInfoRcv.SysInfoRcvAction</action>
            <tcp-configuration>
                <accept-time-out>0</accept-time-out>
                <connect-time-out>0</connect-time-out>
                <read-time-out>3000</read-time-out>
            </tcp-configuration>
            <application-port>9001</application-port>
            <container-management>
                <internal-port>14003</internal-port>
                <conditional-management>
                    <value>false</value>
                    <conditional-executor>
                        <type></type>
                        <first-execute-time></first-execute-time>
                        <execute-period></execute-period>
                    </conditional-executor>
                </conditional-management>
            </container-management>
            <socket-filter>biz.comm.COMMHeaderFilter</socket-filter>
            <access-logger>kr.fujitsu.com.ffw.daemon.net.logger.BasicServerAccessLogger</access-logger>
            <thread-pool>
                <init>5</init>
                <max>30</max>
                <min>5</min>
                <idle>5</idle>
            </thread-pool>
            <engine-attribute>
            </engine-attribute>
        </engine-container>

        <engine-container>
            <name>cms_TranCall</name>
            <command-option>-Xms128m -Xmx128m</command-option>
            <type>kr.fujitsu.com.ffw.daemon.net.server.ActionServerContainer</type>
            <action>biz.cms_TranCall.TranCallAction</action>
            <tcp-configuration>
                <accept-time-out>0</accept-time-out>
                <connect-time-out>0</connect-time-out>
                <read-time-out>3000</read-time-out>
            </tcp-configuration>
            <application-port>9004</application-port>
            <container-management>
                <internal-port>14004</internal-port>
                <conditional-management>
                    <value>false</value>
                    <conditional-executor>
                        <type></type>
                        <first-execute-time></first-execute-time>
                        <execute-period></execute-period>
                    </conditional-executor>
                </conditional-management>
            </container-management>
            <socket-filter>biz.comm.COMMHeaderFilter</socket-filter>
            <access-logger>kr.fujitsu.com.ffw.daemon.net.logger.BasicServerAccessLogger</access-logger>
            <thread-pool>
                <init>5</init>
                <max>30</max>
                <min>5</min>
                <idle>5</idle>
            </thread-pool>
            <engine-attribute>
            </engine-attribute>
        </engine-container>

        <engine-container>
            <name>cms_SSGMbsIrt</name>
            <command-option>-Xms128m -Xmx128m</command-option>
            <type>kr.fujitsu.com.ffw.daemon.net.server.ActionServerContainer</type>
            <action>biz.cms_SSGMbsIrt.SSGMbsIrtAction</action>
            <tcp-configuration>
                <accept-time-out>0</accept-time-out>
                <connect-time-out>0</connect-time-out>
                <read-time-out>5000</read-time-out>
            </tcp-configuration>
            <application-port>9005</application-port>
            <container-management>
                <internal-port>14005</internal-port>
                <conditional-management>
                    <value>false</value>
                    <conditional-executor>
                        <type></type>
                        <first-execute-time></first-execute-time>
                        <execute-period></execute-period>
                    </conditional-executor>
                </conditional-management>
            </container-management>
            <socket-filter>biz.comm.COMMHeaderFilter</socket-filter>
            <access-logger>kr.fujitsu.com.ffw.daemon.net.logger.BasicServerAccessLogger</access-logger>
            <thread-pool>
                <init>5</init>
                <max>30</max>
                <min>5</min>
                <idle>5</idle>
            </thread-pool>
            <engine-attribute>
            </engine-attribute>
        </engine-container>
        
        <engine-container>
            <name>cms_SSGMbsTranCHK</name>
            <command-option>-Xms128m -Xmx128m</command-option>
            <type>kr.fujitsu.com.ffw.daemon.net.polling.ActionPollingContainer</type>
            <action>biz.cms_SSGMbsIrt.SSGMbsIrtPollingAction</action>
            <tcp-configuration>
                <accept-time-out>0</accept-time-out>
                <connect-time-out>0</connect-time-out>
                <read-time-out>0</read-time-out>
            </tcp-configuration>
            <application-port></application-port>
            <container-management>
                <internal-port>14006</internal-port>
                <conditional-management>
                    <value>false</value>
                    <conditional-executor>
                        <type></type>
                        <first-execute-time></first-execute-time>
                        <execute-period></execute-period>
                    </conditional-executor>
                </conditional-management>
            </container-management>
            <socket-filter>biz.comm.COMMHeaderFilter</socket-filter>
            <access-logger>kr.fujitsu.com.ffw.daemon.net.logger.BasicServerAccessLogger</access-logger>
            <thread-pool>
                <init>1</init>
                <max>1</max>
                <min>1</min>
                <idle>1</idle>
            </thread-pool>
            <engine-attribute>
                <attribute>
                    <!-- ActionPollingContainer를 사용하기 위해서는 POLLING_PERIOD가 반드시 있어야 합니다.-->
                    <name>POLLING_PERIOD</name>
                    <value>60000</value><!-- 1000 * 5 즉, 5초, 이 컨테이너는 5초에 한번씩 자동합니다. -->
                </attribute>
                <attribute>
                    <name>ACTION_TIME</name>
                    <value>0130</value><!-- HHMM 시간 지정시 해당 시분에 지정작업을 수행합니다. -->
                </attribute>
            </engine-attribute>
        </engine-container>        
        
        <engine-container>
            <name>cms_SSGMbsTran</name>
            <command-option>-Xms128m -Xmx128m</command-option>
            <type>kr.fujitsu.com.ffw.daemon.net.polling.ActionPollingContainer</type>
            <action>biz.cms_SSGMbsTran.SSGMbsTranPollingAction</action>
            <tcp-configuration>
                <accept-time-out>0</accept-time-out>
                <connect-time-out>0</connect-time-out>
                <read-time-out>0</read-time-out>
            </tcp-configuration>
            <application-port></application-port>
            <container-management>
                <internal-port>14006</internal-port>
                <conditional-management>
                    <value>false</value>
                    <conditional-executor>
                        <type></type>
                        <first-execute-time></first-execute-time>
                        <execute-period></execute-period>
                    </conditional-executor>
                </conditional-management>
            </container-management>
            <socket-filter>kr.fujitsu.com.ffw.daemon.net.filter.BasicByteFilter</socket-filter>
            <access-logger>kr.fujitsu.com.ffw.daemon.net.logger.BasicServerAccessLogger</access-logger>
            <thread-pool>
                <init>1</init>
                <max>1</max>
                <min>1</min>
                <idle>1</idle>
            </thread-pool>
            <engine-attribute>
                <attribute>
                    <!-- ActionPollingContainer를 사용하기 위해서는 POLLING_PERIOD가 반드시 있어야 합니다.-->
                    <name>POLLING_PERIOD</name>
                    <value>60000</value><!-- 1000 * 5 즉, 5초, 이 컨테이너는 5초에 한번씩 자동합니다. -->
                </attribute>
                <attribute>
                    <name>ACTION_TIME</name>
                    <value>0330</value><!-- HHMM 시간 지정시 해당 시분에 지정작업을 수행합니다. -->
                </attribute>
            </engine-attribute>
        </engine-container>
        
        <engine-container>
            <name>cms_POSIrt</name>
            <command-option>-Xms128m -Xmx128m</command-option>
            <type>kr.fujitsu.com.ffw.daemon.net.server.ActionServerContainer</type>
            <action>biz.cms_POSIrt.POSIrtAction</action>
            <tcp-configuration>
                <accept-time-out>0</accept-time-out>
                <connect-time-out>0</connect-time-out>
                <read-time-out>3000</read-time-out>
            </tcp-configuration>
            <application-port>9006</application-port>
            <container-management>
                <internal-port>14007</internal-port>
                <conditional-management>
                    <value>false</value>
                    <conditional-executor>
                        <type></type>
                        <first-execute-time></first-execute-time>
                        <execute-period></execute-period>
                    </conditional-executor>
                </conditional-management>
            </container-management>
            <socket-filter>biz.comm.COMMHeaderFilter</socket-filter>
            <access-logger>kr.fujitsu.com.ffw.daemon.net.logger.BasicServerAccessLogger</access-logger>
            <thread-pool>
                <init>5</init>
                <max>30</max>
                <min>5</min>
                <idle>5</idle>
            </thread-pool>
            <engine-attribute>
            </engine-attribute>
        </engine-container>

        <engine-container>
            <name>cms_TranDivide</name>
            <command-option>-Xms128m -Xmx128m</command-option>
            <type>kr.fujitsu.com.ffw.daemon.net.polling.ActionPollingContainer</type>
            <action>biz.cms_TranDivide.TranDividePollingAction</action>
            <tcp-configuration>
                <accept-time-out>0</accept-time-out>
                <connect-time-out>0</connect-time-out>
                <read-time-out>0</read-time-out>
            </tcp-configuration>
            <application-port></application-port>
            <container-management>
                <internal-port>14008</internal-port>
                <conditional-management>
                    <value>false</value>
                    <conditional-executor>
                        <type></type>
                        <first-execute-time></first-execute-time>
                        <execute-period></execute-period>
                    </conditional-executor>
                </conditional-management>
            </container-management>
            <socket-filter>kr.fujitsu.com.ffw.daemon.net.filter.BasicByteFilter</socket-filter>
            <access-logger>kr.fujitsu.com.ffw.daemon.net.logger.BasicServerAccessLogger</access-logger>
            <thread-pool>
                <init>1</init>
                <max>20</max>
                <min>1</min>
                <idle>1</idle>
            </thread-pool>
            <engine-attribute>
				        <attribute>
				            <!-- ActionPollingContainer를 사용하기 위해서는 POLLING_PERIOD가 반드시 있어야 합니다.-->
				            <name>POLLING_PERIOD</name>
				            <value>5000</value><!-- 1000 * 5 즉, 5초, 이 컨테이너는 5초에 한번씩 자동합니다. -->
				        </attribute>
                <attribute>
                    <name>ACTION_TIME</name>
                    <value>9999</value><!-- HHMM 시간 지정시 해당 시분에 지정작업을 수행합니다. 9999 지정시 ACTION_TIME 무시되고  POLLING_PERIOD 주기마다 무조건 호출됨 -->
                </attribute>
            </engine-attribute>
        </engine-container>
        
        <engine-container>
            <name>cms_MasterAgent</name>
            <command-option>-Xms128m -Xmx128m</command-option>
            <type>kr.fujitsu.com.ffw.daemon.net.polling.ActionPollingContainer</type>
            <action>biz.cms_MasterAgent.MasterAgentPollingAction</action>
            <tcp-configuration>
                <accept-time-out>0</accept-time-out>
                <connect-time-out>0</connect-time-out>
                <read-time-out>0</read-time-out>
            </tcp-configuration>
            <application-port></application-port>
            <container-management>
                <internal-port>14009</internal-port>
                <conditional-management>
                    <value>false</value>
                    <conditional-executor>
                        <type></type>
                        <first-execute-time></first-execute-time>
                        <execute-period></execute-period>
                    </conditional-executor>
                </conditional-management>
            </container-management>
            <socket-filter>kr.fujitsu.com.ffw.daemon.net.filter.BasicByteFilter</socket-filter>
            <access-logger>kr.fujitsu.com.ffw.daemon.net.logger.BasicServerAccessLogger</access-logger>
            <thread-pool>
                <init>1</init>
                <max>1</max>
                <min>1</min>
                <idle>1</idle>
            </thread-pool>
            <engine-attribute>
                <attribute>
                    <!-- ActionPollingContainer를 사용하기 위해서는 POLLING_PERIOD가 반드시 있어야 합니다.-->
                    <name>POLLING_PERIOD</name>
                    <value>5000</value><!-- 1000 * 5 즉, 5초, 이 컨테이너는 5초에 한번씩 자동합니다. -->
                </attribute>
                <attribute>
                    <name>ACTION_TIME</name>
                    <value>2330</value><!-- HHMM 시간 지정시 해당 시분에 지정작업을 수행합니다. 9999 지정시 ACTION_TIME 무시되고  POLLING_PERIOD 주기마다 무조건 호출됨 -->
                </attribute>
            </engine-attribute>
        </engine-container>
        
        <engine-container>
            <name>cms_CGDTLDownloader</name>
            <command-option>-Xms128m -Xmx128m</command-option>
            <type>kr.fujitsu.com.ffw.daemon.net.polling.ActionPollingContainer</type>
            <action>biz.cms_CGDTLDownloader.CGDTLDownloaderPollingAction</action>
            <tcp-configuration>
                <accept-time-out>0</accept-time-out>
                <connect-time-out>0</connect-time-out>
                <read-time-out>0</read-time-out>
            </tcp-configuration>
            <application-port></application-port>
            <container-management>
                <internal-port>14010</internal-port>
                <conditional-management>
                    <value>false</value>
                    <conditional-executor>
                        <type></type>
                        <first-execute-time></first-execute-time>
                        <execute-period></execute-period>
                    </conditional-executor>
                </conditional-management>
            </container-management>
            <socket-filter>kr.fujitsu.com.ffw.daemon.net.filter.BasicByteFilter</socket-filter>
            <access-logger>kr.fujitsu.com.ffw.daemon.net.logger.BasicServerAccessLogger</access-logger>
            <thread-pool>
                <init>1</init>
                <max>1</max>
                <min>1</min>
                <idle>1</idle>
            </thread-pool>
            <engine-attribute>
                <attribute>
                    <!-- ActionPollingContainer를 사용하기 위해서는 POLLING_PERIOD가 반드시 있어야 합니다.-->
                    <name>POLLING_PERIOD</name>
                    <value>5000</value><!-- 1000 * 5 즉, 5초, 이 컨테이너는 5초에 한번씩 자동합니다. -->
                </attribute>
                <attribute>
                    <name>ACTION_TIME</name>
                    <value>0240</value><!-- HHMM 시간 지정시 해당 시분에 지정작업을 수행합니다. 9999 지정시 ACTION_TIME 무시되고  POLLING_PERIOD 주기마다 무조건 호출됨 -->
                </attribute>
            </engine-attribute>
        </engine-container>
        
        <engine-container>
            <name>cms_BTDTLDownloader</name>
            <command-option>-Xms128m -Xmx128m</command-option>
            <type>kr.fujitsu.com.ffw.daemon.net.polling.ActionPollingContainer</type>
            <action>biz.cms_BTDTLDownloader.BTDTLDownloaderPollingAction</action>
            <tcp-configuration>
                <accept-time-out>0</accept-time-out>
                <connect-time-out>0</connect-time-out>
                <read-time-out>0</read-time-out>
            </tcp-configuration>
            <application-port></application-port>
            <container-management>
                <internal-port>14011</internal-port>
                <conditional-management>
                    <value>false</value>
                    <conditional-executor>
                        <type></type>
                        <first-execute-time></first-execute-time>
                        <execute-period></execute-period>
                    </conditional-executor>
                </conditional-management>
            </container-management>
            <socket-filter>kr.fujitsu.com.ffw.daemon.net.filter.BasicByteFilter</socket-filter>
            <access-logger>kr.fujitsu.com.ffw.daemon.net.logger.BasicServerAccessLogger</access-logger>
            <thread-pool>
                <init>1</init>
                <max>1</max>
                <min>1</min>
                <idle>1</idle>
            </thread-pool>
            <engine-attribute>
                <attribute>
                    <!-- ActionPollingContainer를 사용하기 위해서는 POLLING_PERIOD가 반드시 있어야 합니다.-->
                    <name>POLLING_PERIOD</name>
                    <value>5000</value><!-- 1000 * 5 즉, 5초, 이 컨테이너는 5초에 한번씩 자동합니다. -->
                </attribute>
                <attribute>
                    <name>ACTION_TIME</name>
                    <value>0240</value><!-- HHMM 시간 지정시 해당 시분에 지정작업을 수행합니다. 9999 지정시 ACTION_TIME 무시되고  POLLING_PERIOD 주기마다 무조건 호출됨 -->
                </attribute>
            </engine-attribute>
        </engine-container>
        
        <engine-container>
            <name>cms_MTDTLDownloader</name>
            <command-option>-Xms128m -Xmx128m</command-option>
            <type>kr.fujitsu.com.ffw.daemon.net.polling.ActionPollingContainer</type>
            <action>biz.cms_MTDTLDownloader.MTDTLDownloaderPollingAction</action>
            <tcp-configuration>
                <accept-time-out>0</accept-time-out>
                <connect-time-out>0</connect-time-out>
                <read-time-out>0</read-time-out>
            </tcp-configuration>
            <application-port></application-port>
            <container-management>
                <internal-port>14012</internal-port>
                <conditional-management>
                    <value>false</value>
                    <conditional-executor>
                        <type></type>
                        <first-execute-time></first-execute-time>
                        <execute-period></execute-period>
                    </conditional-executor>
                </conditional-management>
            </container-management>
            <socket-filter>kr.fujitsu.com.ffw.daemon.net.filter.BasicByteFilter</socket-filter>
            <access-logger>kr.fujitsu.com.ffw.daemon.net.logger.BasicServerAccessLogger</access-logger>
            <thread-pool>
                <init>1</init>
                <max>1</max>
                <min>1</min>
                <idle>1</idle>
            </thread-pool>
            <engine-attribute>
                <attribute>
                    <!-- ActionPollingContainer를 사용하기 위해서는 POLLING_PERIOD가 반드시 있어야 합니다.-->
                    <name>POLLING_PERIOD</name>
                    <value>5000</value><!-- 1000 * 5 즉, 5초, 이 컨테이너는 5초에 한번씩 자동합니다. -->
                </attribute>
                <attribute>
                    <name>ACTION_TIME</name>
                    <value>0240</value><!-- HHMM 시간 지정시 해당 시분에 지정작업을 수행합니다. 9999 지정시 ACTION_TIME 무시되고  POLLING_PERIOD 주기마다 무조건 호출됨 -->
                </attribute>
            </engine-attribute>
        </engine-container>
<!-- 통신서버#1만 기동        
        <engine-container>
            <name>cms_TMoneyReceiver</name>
            <command-option>-Xms128m -Xmx128m</command-option>
            <type>kr.fujitsu.com.ffw.daemon.net.server.ActionServerContainer</type>
            <action>biz.cms_TMoneyReceiver.TMoneyReceiverAction</action>
            <tcp-configuration>
                <accept-time-out>0</accept-time-out>
                <connect-time-out>0</connect-time-out>
                <read-time-out>0</read-time-out>
            </tcp-configuration>
            <application-port>9010</application-port>
            <container-management>
                <internal-port>14013</internal-port>
                <conditional-management>
                    <value>false</value>
                    <conditional-executor>
                        <type></type>
                        <first-execute-time></first-execute-time>
                        <execute-period></execute-period>
                    </conditional-executor>
                </conditional-management>
            </container-management>
            <socket-filter>biz.cms_TMoneyReceiver.TMoneyReceiverSocketFilter</socket-filter>
            <access-logger>kr.fujitsu.com.ffw.daemon.net.logger.BasicServerAccessLogger</access-logger>
            <thread-pool>
                <init>5</init>
                <max>5</max>
                <min>5</min>
                <idle>5</idle>
            </thread-pool>
            <engine-attribute>
            </engine-attribute>
        </engine-container>
-->        
        <engine-container>
            <name>cms_TMoneySender</name>
            <command-option>-Xms128m -Xmx128m</command-option>
            <type>kr.fujitsu.com.ffw.daemon.net.polling.ActionPollingContainer</type>
            <action>biz.cms_TMoneySender.TMoneySenderPollingAction</action>
            <tcp-configuration>
                <accept-time-out>0</accept-time-out>
                <connect-time-out>0</connect-time-out>
                <read-time-out>30000</read-time-out>
            </tcp-configuration>
            <application-port></application-port>
            <container-management>
                <internal-port>14014</internal-port>
                <conditional-management>
                    <value>false</value>
                    <conditional-executor>
                        <type></type>
                        <first-execute-time></first-execute-time>
                        <execute-period></execute-period>
                    </conditional-executor>
                </conditional-management>
            </container-management>
            <socket-filter>kr.fujitsu.com.ffw.daemon.net.filter.BasicByteFilter</socket-filter>
            <access-logger>kr.fujitsu.com.ffw.daemon.net.logger.BasicServerAccessLogger</access-logger>
            <thread-pool>
                <init>1</init>
                <max>1</max>
                <min>1</min>
                <idle>1</idle>
            </thread-pool>
            <engine-attribute>
                <attribute>
                    <!-- ActionPollingContainer를 사용하기 위해서는 POLLING_PERIOD가 반드시 있어야 합니다.-->
                    <name>POLLING_PERIOD</name>
                    <value>60000</value><!-- 1000 * 5 즉, 5초, 이 컨테이너는 5초에 한번씩 자동합니다. -->
                </attribute>
                <attribute>
                    <name>ACTION_TIME</name>
                    <value>0100</value><!-- HHMM 시간 지정시 해당 시분에 지정작업을 수행합니다. 9999 지정시 ACTION_TIME 무시되고  POLLING_PERIOD 주기마다 무조건 호출됨 -->
                </attribute>
            </engine-attribute>
        </engine-container>
        
        <engine-container>
            <name>cms_TMoneyIrt</name>
            <command-option>-Xms128m -Xmx128m</command-option>
            <type>kr.fujitsu.com.ffw.daemon.net.server.ActionServerContainer</type>
            <action>biz.cms_TMoneyIrt.TMoneyIrtAction</action>
            <tcp-configuration>
                <accept-time-out>0</accept-time-out>
                <connect-time-out>0</connect-time-out>
                <read-time-out>0</read-time-out>
            </tcp-configuration>
            <application-port>9012</application-port>
            <container-management>
                <internal-port>14015</internal-port>
                <conditional-management>
                    <value>false</value>
                    <conditional-executor>
                        <type></type>
                        <first-execute-time></first-execute-time>
                        <execute-period></execute-period>
                    </conditional-executor>
                </conditional-management>
            </container-management>
            <socket-filter>biz.comm.COMMHeaderFilter</socket-filter>
            <access-logger>kr.fujitsu.com.ffw.daemon.net.logger.BasicServerAccessLogger</access-logger>
            <thread-pool>
                <init>5</init>
                <max>30</max>
                <min>5</min>
                <idle>5</idle>
            </thread-pool>
            <engine-attribute>
            </engine-attribute>
        </engine-container>
<!-- 통신서버#1만 기동        
        <engine-container>
            <name>cms_CashBeeReceiver</name>
            <command-option>-Xms128m -Xmx128m</command-option>
            <type>kr.fujitsu.com.ffw.daemon.net.server.ActionServerContainer</type>
            <action>biz.cms_CashBeeReceiver.CashBeeReceiverAction</action>
            <tcp-configuration>
                <accept-time-out>0</accept-time-out>
                <connect-time-out>0</connect-time-out>
                <read-time-out>0</read-time-out>
            </tcp-configuration>
            <application-port>9013</application-port>
            <container-management>
                <internal-port>14016</internal-port>
                <conditional-management>
                    <value>false</value>
                    <conditional-executor>
                        <type></type>
                        <first-execute-time></first-execute-time>
                        <execute-period></execute-period>
                    </conditional-executor>
                </conditional-management>
            </container-management>
            <socket-filter>biz.cms_CashBeeReceiver.CashBeeReceiverSocketFilter</socket-filter>
            <access-logger>kr.fujitsu.com.ffw.daemon.net.logger.BasicServerAccessLogger</access-logger>
            <thread-pool>
                <init>5</init>
                <max>5</max>
                <min>5</min>
                <idle>5</idle>
            </thread-pool>
            <engine-attribute>
            </engine-attribute>
        </engine-container>
-->        
        <engine-container>
            <name>cms_CashBeeSender</name>
            <command-option>-Xms128m -Xmx128m</command-option>
            <type>kr.fujitsu.com.ffw.daemon.net.polling.ActionPollingContainer</type>
            <action>biz.cms_CashBeeSender.CashBeeSenderPollingAction</action>
            <tcp-configuration>
                <accept-time-out>0</accept-time-out>
                <connect-time-out>0</connect-time-out>
                <read-time-out>30000</read-time-out>
            </tcp-configuration>
            <application-port></application-port>
            <container-management>
                <internal-port>14017</internal-port>
                <conditional-management>
                    <value>false</value>
                    <conditional-executor>
                        <type></type>
                        <first-execute-time></first-execute-time>
                        <execute-period></execute-period>
                    </conditional-executor>
                </conditional-management>
            </container-management>
            <socket-filter>kr.fujitsu.com.ffw.daemon.net.filter.BasicByteFilter</socket-filter>
            <access-logger>kr.fujitsu.com.ffw.daemon.net.logger.BasicServerAccessLogger</access-logger>
            <thread-pool>
                <init>1</init>
                <max>1</max>
                <min>1</min>
                <idle>1</idle>
            </thread-pool>
            <engine-attribute>
                <attribute>
                    <!-- ActionPollingContainer를 사용하기 위해서는 POLLING_PERIOD가 반드시 있어야 합니다.-->
                    <name>POLLING_PERIOD</name>
                    <value>60000</value><!-- 1000 * 5 즉, 5초, 이 컨테이너는 5초에 한번씩 자동합니다. -->
                </attribute>
                <attribute>
                    <name>ACTION_TIME</name>
                    <value>0300</value><!-- HHMM 시간 지정시 해당 시분에 지정작업을 수행합니다. 9999 지정시 ACTION_TIME 무시되고  POLLING_PERIOD 주기마다 무조건 호출됨 -->
                </attribute>
            </engine-attribute>
        </engine-container>
        
        <engine-container>
            <name>cms_CashBeeIrt</name>
            <command-option>-Xms128m -Xmx128m</command-option>
            <type>kr.fujitsu.com.ffw.daemon.net.server.ActionServerContainer</type>
            <action>biz.cms_CashBeeIrt.CashBeeIrtAction</action>
            <tcp-configuration>
                <accept-time-out>0</accept-time-out>
                <connect-time-out>0</connect-time-out>
                <read-time-out>3000</read-time-out>
            </tcp-configuration>
            <application-port>9015</application-port>
            <container-management>
                <internal-port>14018</internal-port>
                <conditional-management>
                    <value>false</value>
                    <conditional-executor>
                        <type></type>
                        <first-execute-time></first-execute-time>
                        <execute-period></execute-period>
                    </conditional-executor>
                </conditional-management>
            </container-management>
            <socket-filter>biz.comm.COMMHeaderFilter</socket-filter>
            <access-logger>kr.fujitsu.com.ffw.daemon.net.logger.BasicServerAccessLogger</access-logger>
            <thread-pool>
                <init>5</init>
                <max>30</max>
                <min>5</min>
                <idle>5</idle>
            </thread-pool>
            <engine-attribute>
            </engine-attribute>
        </engine-container>
        
        <engine-container>
            <name>cms_LogManager</name>
            <command-option>-Xms128m -Xmx128m</command-option>
            <type>kr.fujitsu.com.ffw.daemon.net.polling.ActionPollingContainer</type>
            <action>biz.cms_LogManager.LogManagerPollingAction</action>
            <tcp-configuration>
                <accept-time-out>0</accept-time-out>
                <connect-time-out>0</connect-time-out>
                <read-time-out>0</read-time-out>
            </tcp-configuration>
            <application-port></application-port>
            <container-management>
                <internal-port>14019</internal-port>
                <conditional-management>
                    <value>false</value>
                    <conditional-executor>
                        <type></type>
                        <first-execute-time></first-execute-time>
                        <execute-period></execute-period>
                    </conditional-executor>
                </conditional-management>
            </container-management>
            <socket-filter>kr.fujitsu.com.ffw.daemon.net.filter.BasicByteFilter</socket-filter>
            <access-logger>kr.fujitsu.com.ffw.daemon.net.logger.BasicServerAccessLogger</access-logger>
            <thread-pool>
                <init>1</init>
                <max>1</max>
                <min>1</min>
                <idle>1</idle>
            </thread-pool>
            <engine-attribute>
        				<attribute>
        					<!-- ActionPollingContainer를 사용하기 위해서는 POLLING_PERIOD가 반드시 있어야 합니다.-->
        				    <name>POLLING_PERIOD</name>
        				    <value>60000</value><!-- 1000 * 5 즉, 5초, 이 컨테이너는 5초에 한번씩 자동합니다. -->
        				</attribute>
        				<attribute>
                    <name>ACTION_TIME</name>
                    <value>0100</value><!-- HHMM 시간 지정시 해당 시분에 지정작업을 수행합니다. -->
                </attribute>
                <attribute>
                    <name>KeepForDays</name>
                    <value>14</value>
                </attribute>
            </engine-attribute>
        </engine-container>
        
        <engine-container>
            <name>cms_ParcelService</name>
            <command-option>-Xms128m -Xmx128m</command-option>
            <type>kr.fujitsu.com.ffw.daemon.net.polling.ActionPollingContainer</type>
            <action>biz.cms_ParcelService.ParcelServicePollingAction</action>
            <tcp-configuration>
                <accept-time-out>0</accept-time-out>
                <connect-time-out>0</connect-time-out>
                <read-time-out>0</read-time-out>
            </tcp-configuration>
            <application-port></application-port>
            <container-management>
                <internal-port>14021</internal-port>
                <conditional-management>
                    <value>false</value>
                    <conditional-executor>
                        <type></type>
                        <first-execute-time></first-execute-time>
                        <execute-period></execute-period>
                    </conditional-executor>
                </conditional-management>
            </container-management>
            <socket-filter>kr.fujitsu.com.ffw.daemon.net.filter.BasicByteFilter</socket-filter>
            <access-logger>kr.fujitsu.com.ffw.daemon.net.logger.BasicServerAccessLogger</access-logger>
            <thread-pool>
                <init>1</init>
                <max>1</max>
                <min>1</min>
                <idle>1</idle>
            </thread-pool>
            <engine-attribute>
                <attribute>
                    <name>POLLING_PERIOD</name>
                    <value>60000</value>
                </attribute>
                <attribute>
                    <name>ACTION_TIME</name>
                    <value></value>
                </attribute>
            </engine-attribute>
        </engine-container>
        
        <engine-container>
            <name>cms_CJPclDTLDownloader</name>
            <command-option>-Xms128m -Xmx128m</command-option>
            <type>kr.fujitsu.com.ffw.daemon.net.polling.ActionPollingContainer</type>
            <action>biz.cms_CJPclDTLDownloader.CJPclDTLDownloaderPollingAction</action>
            <tcp-configuration>
                <accept-time-out>0</accept-time-out>
                <connect-time-out>0</connect-time-out>
                <read-time-out>0</read-time-out>
            </tcp-configuration>
            <application-port></application-port>
            <container-management>
                <internal-port>14022</internal-port>
                <conditional-management>
                    <value>false</value>
                    <conditional-executor>
                        <type></type>
                        <first-execute-time></first-execute-time>
                        <execute-period></execute-period>
                    </conditional-executor>
                </conditional-management>
            </container-management>
            <socket-filter>kr.fujitsu.com.ffw.daemon.net.filter.BasicByteFilter</socket-filter>
            <access-logger>kr.fujitsu.com.ffw.daemon.net.logger.BasicServerAccessLogger</access-logger>
            <thread-pool>
                <init>1</init>
                <max>1</max>
                <min>1</min>
                <idle>1</idle>
            </thread-pool>
            <engine-attribute>
                <attribute>
                    <name>POLLING_PERIOD</name>
                    <value>5000</value>
                </attribute>
                <attribute>
                    <name>ACTION_TIME</name>
                    <value>0610</value>
                </attribute>
            </engine-attribute>
        </engine-container>
    </node>

    <model>
        <record-fetch restrict-level="none" max-count="100" />
        <character-set>
			      <input>UTF-8,UTF-8</input>
			      <output>UTF-8,UTF-8</output>
        </character-set>
        <database name="CMGNS">
            <dbcp>
                <default-auto-commit>false</default-auto-commit>
                <default-transaction-isolation>
                    TRANSACTION_READ_COMMITED
                </default-transaction-isolation>
                <driver-class>
                    oracle.jdbc.driver.OracleDriver
                </driver-class>
                <initial-size>1</initial-size>
                <log-abandoned>true</log-abandoned>
                <max-active>50</max-active>
                <max-idle>45</max-idle>
                <max-wait>10000</max-wait>
                <min-idle>10</min-idle>
                <url>jdbc:oracle:thin:@10.205.0.11:1521:CVSDB</url>
                <user>CMPS</user>
                <password>qwer!2CVS#</password>
                <remove-abandoned>true</remove-abandoned>
                <remove-abandoned-timeout>0</remove-abandoned-timeout>
                <validation-query>SELECT SYSDATE FROM DUAL</validation-query>
            </dbcp>
        </database>
        <database name="CMSEC">
            <dbcp>
                <default-auto-commit>false</default-auto-commit>
                <default-transaction-isolation>
                    TRANSACTION_READ_COMMITED
                </default-transaction-isolation>
                <driver-class>
                    oracle.jdbc.driver.OracleDriver
                </driver-class>
                <initial-size>1</initial-size>
                <log-abandoned>true</log-abandoned>
                <max-active>50</max-active>
                <max-idle>45</max-idle>
                <max-wait>10000</max-wait>
                <min-idle>10</min-idle>
                <url>jdbc:oracle:thin:@10.205.0.39:1521:CVSSEC</url>
                <user>CMBO</user>
                <password>qwer!2CVS#</password>
                <remove-abandoned>true</remove-abandoned>
                <remove-abandoned-timeout>0</remove-abandoned-timeout>
                <validation-query>SELECT SYSDATE FROM DUAL</validation-query>
            </dbcp>
        </database>
        <database name="REDRMD">
            <dbcp>
                <default-auto-commit>false</default-auto-commit>
                <default-transaction-isolation>
                    TRANSACTION_READ_COMMITED
                </default-transaction-isolation>
                <driver-class>
                    com.microsoft.sqlserver.jdbc.SQLServerDriver
                </driver-class> 
                <initial-size>1</initial-size>
                <log-abandoned>true</log-abandoned>
                <max-active>50</max-active>
                <max-idle>45</max-idle>
                <max-wait>30000</max-wait>
                <min-idle>10</min-idle>
                <url>jdbc:sqlserver://10.205.0.61:1433;databasename=XREDRMD</url>
                <user>sa</user>
                <password>!Passw0rd</password>
                <remove-abandoned>true</remove-abandoned>
                <remove-abandoned-timeout>0</remove-abandoned-timeout>
                <validation-query>SELECT GETDATE()</validation-query>
            </dbcp>
        </database>
    </model>
	  <!-- current : ./  sms-1.0.1/bin -->
    <log-configuration>
    <!--
		    <appender name="FILE" class="kr.fujitsu.com.ffw.util.DatedFileAppender">
		        <param name="Directory" value="./../../../logs/sms"/>
		        <param name="Prefix" value="engine."/>
		        <param name="Suffix" value=".log"/>
		        <layout class="org.apache.log4j.PatternLayout">
		            <param name="ConversionPattern" value="[%d{yyyyMMdd HH:mm:ss}] [%-5p] %l - %m%n"/>
		        </layout>
		    </appender>
    -->		    
        <appender name="PDACOMM2" class="kr.fujitsu.com.ffw.util.DatedFileAppender">  
            <param name="Directory" value="./../../../logs/sms"/>
            <param name="Prefix" value="pdacomm2."/>
            <param name="Suffix" value=".log"/>
            <layout class="org.apache.log4j.PatternLayout">
                <param name="ConversionPattern" value="[%d{yyyyMMdd HH:mm:ss}] [%-5p] %l - %m%n"/>
            </layout>
        </appender>
        <appender name="PDACOMM3" class="kr.fujitsu.com.ffw.util.DatedFileAppender">  
            <param name="Directory" value="./../../../logs/sms"/>
            <param name="Prefix" value="pdacomm3."/>
            <param name="Suffix" value=".log"/>
            <layout class="org.apache.log4j.PatternLayout">
                <param name="ConversionPattern" value="[%d{yyyyMMdd HH:mm:ss}] [%-5p] %l - %m%n"/>
            </layout>
        </appender>
		    <appender name="TRAN" class="kr.fujitsu.com.ffw.util.DatedFileAppender">
		        <param name="Directory" value="./../../../logs/sms"/>
			      <param name="Prefix" value="tran."/>
			      <param name="Suffix" value=".log"/>
		        <layout class="org.apache.log4j.PatternLayout">
		            <param name="ConversionPattern" value="[%d{yyyyMMdd HH:mm:ss}] [%-5p] %l - %m%n"/>
		        </layout>
		    </appender>
		    <!--
		    <appender name="JOURNAL" class="kr.fujitsu.com.ffw.util.DatedFileAppender">  
		        <param name="Directory" value="./../../../logs/sms"/>
		        <param name="Prefix" value="journal."/>
		        <param name="Suffix" value=".log"/>
		        <layout class="org.apache.log4j.PatternLayout">
		            <param name="ConversionPattern" value="[%d{yyyyMMdd HH:mm:ss}] [%-5p] %l - %m%n"/>
		        </layout>
		    </appender>		     
		    <appender name="SYSINQ" class="kr.fujitsu.com.ffw.util.DatedFileAppender">  
		        <param name="Directory" value="./../../../logs/sms"/>
		        <param name="Prefix" value="sysinq."/>
		        <param name="Suffix" value=".log"/>
		        <layout class="org.apache.log4j.PatternLayout">
		            <param name="ConversionPattern" value="[%d{yyyyMMdd HH:mm:ss}] [%-5p] %l - %m%n"/>
		        </layout>
		    </appender>		    
		    <appender name="TRANCALL" class="kr.fujitsu.com.ffw.util.DatedFileAppender">  
		        <param name="Directory" value="./../../../logs/sms"/>
		        <param name="Prefix" value="trancall."/>
		        <param name="Suffix" value=".log"/>
		        <layout class="org.apache.log4j.PatternLayout">
		            <param name="ConversionPattern" value="[%d{yyyyMMdd HH:mm:ss}] [%-5p] %l - %m%n"/>
		        </layout>
		    </appender>
		    -->
		    <appender name="TRANDIVIDE" class="kr.fujitsu.com.ffw.util.DatedFileAppender">  
		        <param name="Directory" value="./../../../logs/sms"/>
		        <param name="Prefix" value="trandivide."/>
		        <param name="Suffix" value=".log"/>
		        <layout class="org.apache.log4j.PatternLayout">
		            <param name="ConversionPattern" value="[%d{yyyyMMdd HH:mm:ss}] [%-5p] %l - %m%n"/>
		        </layout>
		    </appender>
		    <appender name="SSGMBSIRT" class="kr.fujitsu.com.ffw.util.DatedFileAppender">  
		        <param name="Directory" value="./../../../logs/sms"/>
		        <param name="Prefix" value="ssgmbsirt."/>
		        <param name="Suffix" value=".log"/>
		        <layout class="org.apache.log4j.PatternLayout">
		            <param name="ConversionPattern" value="[%d{yyyyMMdd HH:mm:ss}] [%-5p] %l - %m%n"/>
		        </layout>
		    </appender>
		    <appender name="SSGMBSTRCHK" class="kr.fujitsu.com.ffw.util.DatedFileAppender">
		        <param name="Directory" value="./../../../logs/sms"/>
            <param name="Prefix" value="ssgmbstrchk."/>
            <param name="Suffix" value=".log"/>
            <layout class="org.apache.log4j.PatternLayout">
                <param name="ConversionPattern" value="[%d{yyyyMMdd HH:mm:ss}] [%-5p] %l - %m%n"/>
            </layout>
		    </appender>
		    <appender name="SSGMBSTRAN" class="kr.fujitsu.com.ffw.util.DatedFileAppender">
		        <param name="Directory" value="./../../../logs/sms"/>
            <param name="Prefix" value="ssgmbstr."/>
            <param name="Suffix" value=".log"/>
            <layout class="org.apache.log4j.PatternLayout">
                <param name="ConversionPattern" value="[%d{yyyyMMdd HH:mm:ss}] [%-5p] %l - %m%n"/>
            </layout>
        </appender>
        <!--
		    <appender name="POSIRT" class="kr.fujitsu.com.ffw.util.DatedFileAppender">  
		        <param name="Directory" value="./../../../logs/sms"/>
		        <param name="Prefix" value="posirt."/>
		        <param name="Suffix" value=".log"/>
		        <layout class="org.apache.log4j.PatternLayout">
		            <param name="ConversionPattern" value="[%d{yyyyMMdd HH:mm:ss}] [%-5p] %l - %m%n"/>
		        </layout>
		    </appender>
		    <appender name="MASTER" class="kr.fujitsu.com.ffw.util.DatedFileAppender">  
		        <param name="Directory" value="./../../../logs/sms"/>
		        <param name="Prefix" value="master."/>
		        <param name="Suffix" value=".log"/>
		        <layout class="org.apache.log4j.PatternLayout">
		            <param name="ConversionPattern" value="[%d{yyyyMMdd HH:mm:ss}] [%-5p] %l - %m%n"/>
		        </layout>
		    </appender>
		    <appender name="MASTERAGENT" class="kr.fujitsu.com.ffw.util.DatedFileAppender">  
		        <param name="Directory" value="./../../../logs/sms"/>
		        <param name="Prefix" value="masteragent."/>
		        <param name="Suffix" value=".log"/>
		        <layout class="org.apache.log4j.PatternLayout">
		            <param name="ConversionPattern" value="[%d{yyyyMMdd HH:mm:ss}] [%-5p] %l - %m%n"/>
		        </layout>
		    </appender>
	-->
		    <appender name="CGDTLDOWN" class="kr.fujitsu.com.ffw.util.DatedFileAppender">  
		        <param name="Directory" value="./../../../logs/sms"/>
		        <param name="Prefix" value="cashgate_if."/>
		        <param name="Suffix" value=".log"/>
		        <layout class="org.apache.log4j.PatternLayout">
		            <param name="ConversionPattern" value="[%d{yyyyMMdd HH:mm:ss}] [%-5p] %l - %m%n"/>
		        </layout>
		    </appender>
		    <appender name="BTDTLDOWN" class="kr.fujitsu.com.ffw.util.DatedFileAppender">  
            <param name="Directory" value="./../../../logs/sms"/>
            <param name="Prefix" value="bartong_if."/>
            <param name="Suffix" value=".log"/>
            <layout class="org.apache.log4j.PatternLayout">
                <param name="ConversionPattern" value="[%d{yyyyMMdd HH:mm:ss}] [%-5p] %l - %m%n"/>
            </layout>
        </appender>
        <appender name="MTDTLDOWN" class="kr.fujitsu.com.ffw.util.DatedFileAppender">  
            <param name="Directory" value="./../../../logs/sms"/>
            <param name="Prefix" value="mtic_if."/>
            <param name="Suffix" value=".log"/>
            <layout class="org.apache.log4j.PatternLayout">
                <param name="ConversionPattern" value="[%d{yyyyMMdd HH:mm:ss}] [%-5p] %l - %m%n"/>
            </layout>
        </appender>
		    <appender name="TMONEYSENDER" class="kr.fujitsu.com.ffw.util.DatedFileAppender">  
            <param name="Directory" value="./../../../logs/sms"/>
            <param name="Prefix" value="tmoneysender."/>
            <param name="Suffix" value=".log"/>
            <layout class="org.apache.log4j.PatternLayout">
                <param name="ConversionPattern" value="[%d{yyyyMMdd HH:mm:ss}] [%-5p] %l - %m%n"/>
            </layout>
        </appender>
        <appender name="TMONEYFILETF" class="kr.fujitsu.com.ffw.util.DatedFileAppender">  
            <param name="Directory" value="./../../../logs/sms"/>
            <param name="Prefix" value="tmoneyfile_tf."/>
            <param name="Suffix" value=".log"/>
            <layout class="org.apache.log4j.PatternLayout">
                <param name="ConversionPattern" value="[%d{yyyyMMdd HH:mm:ss}] [%-5p] %l - %m%n"/>
            </layout>
        </appender>
        <appender name="TMONEYRECEIVER" class="kr.fujitsu.com.ffw.util.DatedFileAppender">  
            <param name="Directory" value="./../../../logs/sms"/>
            <param name="Prefix" value="tmoneyrecver."/>
            <param name="Suffix" value=".log"/>
            <layout class="org.apache.log4j.PatternLayout">
                <param name="ConversionPattern" value="[%d{yyyyMMdd HH:mm:ss}] [%-5p] %l - %m%n"/>
            </layout>
        </appender>
        <appender name="TMONEYINST" class="kr.fujitsu.com.ffw.util.DatedFileAppender">  
            <param name="Directory" value="./../../../logs/sms"/>
            <param name="Prefix" value="tmoneyinst."/>
            <param name="Suffix" value=".log"/>
            <layout class="org.apache.log4j.PatternLayout">
                <param name="ConversionPattern" value="[%d{yyyyMMdd HH:mm:ss}] [%-5p] %l - %m%n"/>
            </layout>
        </appender>
		    <appender name="TMONEYIRT" class="kr.fujitsu.com.ffw.util.DatedFileAppender">  
		        <param name="Directory" value="./../../../logs/sms"/>
		        <param name="Prefix" value="tmoneyirt."/>
		        <param name="Suffix" value=".log"/>
		        <layout class="org.apache.log4j.PatternLayout">
		            <param name="ConversionPattern" value="[%d{yyyyMMdd HH:mm:ss}] [%-5p] %l - %m%n"/>
		        </layout>
		    </appender>
		    <appender name="CASHBEESENDER" class="kr.fujitsu.com.ffw.util.DatedFileAppender">  
            <param name="Directory" value="./../../../logs/sms"/>
            <param name="Prefix" value="cashbeesender."/>
            <param name="Suffix" value=".log"/>
            <layout class="org.apache.log4j.PatternLayout">
                <param name="ConversionPattern" value="[%d{yyyyMMdd HH:mm:ss}] [%-5p] %l - %m%n"/>
            </layout>
        </appender>
        <appender name="CASHBEEFILETF" class="kr.fujitsu.com.ffw.util.DatedFileAppender">
            <param name="Directory" value="./../../../logs/sms"/>
            <param name="Prefix" value="cashbeefile_tf."/>
            <param name="Suffix" value=".log"/>
            <layout class="org.apache.log4j.PatternLayout">
                <param name="ConversionPattern" value="[%d{yyyyMMdd HH:mm:ss}] [%-5p] %l - %m%n"/>
            </layout>
        </appender>
        <appender name="CASHBEERECEIVER" class="kr.fujitsu.com.ffw.util.DatedFileAppender">  
            <param name="Directory" value="./../../../logs/sms"/>
            <param name="Prefix" value="cashbeerecver."/>
            <param name="Suffix" value=".log"/>
            <layout class="org.apache.log4j.PatternLayout">
                <param name="ConversionPattern" value="[%d{yyyyMMdd HH:mm:ss}] [%-5p] %l - %m%n"/>
            </layout>
        </appender>
        <appender name="CASHBEEINST" class="kr.fujitsu.com.ffw.util.DatedFileAppender">  
            <param name="Directory" value="./../../../logs/sms"/>
            <param name="Prefix" value="cashbeeinst."/>
            <param name="Suffix" value=".log"/>
            <layout class="org.apache.log4j.PatternLayout">
                <param name="ConversionPattern" value="[%d{yyyyMMdd HH:mm:ss}] [%-5p] %l - %m%n"/>
            </layout>
        </appender>
		    <appender name="CASHBEEIRT" class="kr.fujitsu.com.ffw.util.DatedFileAppender">  
            <param name="Directory" value="./../../../logs/sms"/>
            <param name="Prefix" value="cashbeeirt."/>
            <param name="Suffix" value=".log"/>
            <layout class="org.apache.log4j.PatternLayout">
                <param name="ConversionPattern" value="[%d{yyyyMMdd HH:mm:ss}] [%-5p] %l - %m%n"/>
            </layout>
        </appender>
		    <appender name="LOGMANAGER" class="kr.fujitsu.com.ffw.util.DatedFileAppender">  
		        <param name="Directory" value="./../../../logs/sms"/>
		        <param name="Prefix" value="logmgr."/>
		        <param name="Suffix" value=".log"/>
		        <layout class="org.apache.log4j.PatternLayout">
		            <param name="ConversionPattern" value="[%d{yyyyMMdd HH:mm:ss}] [%-5p] %l - %m%n"/>
		        </layout>
		    </appender>
		    <appender name="PARCEL" class="kr.fujitsu.com.ffw.util.DatedFileAppender">  
            <param name="Directory" value="./../../../logs/sms"/>
            <param name="Prefix" value="parcel."/>
            <param name="Suffix" value=".log"/>
            <layout class="org.apache.log4j.PatternLayout">
                <param name="ConversionPattern" value="[%d{yyyyMMdd HH:mm:ss}] [%-5p] %l - %m%n"/>
            </layout>
        </appender>
        <appender name="PARCELDOWN" class="kr.fujitsu.com.ffw.util.DatedFileAppender">  
            <param name="Directory" value="./../../../logs/sms"/>
            <param name="Prefix" value="parceldown."/>
            <param name="Suffix" value=".log"/>
            <layout class="org.apache.log4j.PatternLayout">
                <param name="ConversionPattern" value="[%d{yyyyMMdd HH:mm:ss}] [%-5p] %l - %m%n"/>
            </layout>
        </appender>
		    <logger name="biz.cms_PDACommIf2.PDACommIFAction2">
            <level value="INFO"/>
            <appender-ref ref="PDACOMM2"/>
        </logger>
        <logger name="biz.cms_PDACommIf3.PDACommIFAction3">
            <level value="INFO"/>
            <appender-ref ref="PDACOMM3"/>
        </logger>
        <!--
			  <logger name="biz.cms_MasterCrt.MasterCrtClientAction">
		        <level value="INFO"/>
		        <appender-ref ref="MASTER"/>
		    </logger>
			  <logger name="biz.cms_TranCall.TranCallAction">
		        <level value="INFO"/>
		        <appender-ref ref="TRANCALL"/>
		    </logger>
	-->		 
		    <logger name="biz.cms_TranDivide.TranDividePollingAction">
		        <level value="INFO"/>
		        <appender-ref ref="TRANDIVIDE"/>
		    </logger>
		    <logger name="biz.cms_SSGMbsIrt.SSGMbsIrtAction">
		        <level value="INFO"/>
		        <appender-ref ref="SSGMBSIRT"/>
		    </logger>
		    <logger name="biz.cms_SSGMbsIrt.SSGMbsIrtPollingAction">
		        <level value="INFO"/>
		        <appender-ref ref="SSGMBSTRCHK"/>
		    </logger>
		    <logger name="biz.cms_SSGMbsTran.SSGMbsTranPollingAction">
		        <level value="INFO"/>
		        <appender-ref ref="SSGMBSTRAN"/>
		    </logger>
		    <!--
		    <logger name="biz.cms_POSIrt.POSIrtAction">
		        <level value="INFO"/>
		        <appender-ref ref="POSIRT"/>
		    </logger>		    
		    <logger name="biz.cms_SysInfoRcv.SysInfoRcvAction">
		        <level value="INFO"/>
		        <appender-ref ref="SYSINQ"/>
		    </logger>
		    <logger name="biz.cms_JournalRcv.JournalRcvAction">
		        <level value="INFO"/>
		        <appender-ref ref="JOURNAL"/>
		    </logger>
		    -->
		    <logger name="biz.cms_TranRcv.TranRcvAction">
		        <level value="INFO"/>
		        <appender-ref ref="TRAN"/>
		    </logger>
		    <!--
		    <logger name="biz.cms_MasterAgent.MasterAgentPollingAction">
		        <level value="INFO"/>
		        <appender-ref ref="MASTERAGENT"/>
		    </logger>
		    -->
		    <logger name="biz.cms_CGDTLDownloader.CGDTLDownloaderPollingAction">
		        <level value="INFO"/>
		        <appender-ref ref="CGDTLDOWN"/>
		    </logger>
		    <logger name="biz.cms_BTDTLDownloader.BTDTLDownloaderPollingAction">
            <level value="INFO"/>
            <appender-ref ref="BTDTLDOWN"/>
        </logger>
        <logger name="biz.cms_MTDTLDownloader.MTDTLDownloaderPollingAction">
            <level value="INFO"/>
            <appender-ref ref="MTDTLDOWN"/>
        </logger>
		    <logger name="biz.cms_TMoneySender.TMoneySenderPollingAction">
            <level value="INFO"/>
            <appender-ref ref="TMONEYSENDER"/>
        </logger>
        <logger name="biz.cms_TMoneySender.TMoneySenderFileTransfer">
            <level value="INFO"/>
            <appender-ref ref="TMONEYFILETF"/>
        </logger>
        <logger name="biz.cms_TMoneyReceiver.TMoneyReceiverAction">
            <level value="INFO"/>
            <appender-ref ref="TMONEYRECEIVER"/>
        </logger>
        <logger name="biz.cms_TMoneyReceiver.TMoneyReceiverInst">
            <level value="INFO"/>
            <appender-ref ref="TMONEYINST"/>
        </logger>
		    <logger name="biz.cms_TMoneyIrt.TMoneyIrtAction">
		        <level value="INFO"/>
		        <appender-ref ref="TMONEYIRT"/>
		    </logger>
		    <logger name="biz.cms_CashBeeSender.CashBeeSenderPollingAction">
            <level value="INFO"/>
            <appender-ref ref="CASHBEESENDER"/>
        </logger>
        <logger name="biz.cms_CashBeeSender.CashBeeSenderFileTransfer">
            <level value="INFO"/>
            <appender-ref ref="CASHBEEFILETF"/>
        </logger>
        <logger name="biz.cms_CashBeeReceiver.CashBeeReceiverAction">
            <level value="INFO"/>
            <appender-ref ref="CASHBEERECEIVER"/>
        </logger>
        <logger name="biz.cms_CashBeeReceiver.CashBeeReceiverInst">
            <level value="INFO"/>
            <appender-ref ref="CASHBEEINST"/>
        </logger>
		    <logger name="biz.cms_CashBeeIrt.CashBeeIrtAction">
		        <level value="INFO"/>
		        <appender-ref ref="CASHBEEIRT"/>
		    </logger>
		    <!--
				<logger name="kr.fujitsu.com.ffw">
					  <level value="INFO"/>
					  <appender-ref ref="FILE"/>
				</logger>
		    -->
				<logger name="biz.cms_LogManager.LogManagerPollingAction">
		        <level value="INFO"/>
		        <appender-ref ref="LOGMANAGER"/>
		    </logger>
		    <logger name="biz.cms_ParcelService.ParcelServicePollingAction">
            <level value="INFO"/>
            <appender-ref ref="PARCEL"/>
        </logger>
        <logger name="biz.cms_CJPclDTLDownloader.CJPclDTLDownloaderPollingAction">
            <level value="INFO"/>
            <appender-ref ref="PARCELDOWN"/>
        </logger>
    </log-configuration>

    <resource-repository>
        <resource type="property" src="./xml/stsys-property.xml" />
        <resource type="property" src="./xml/communication-property.xml" />
        <resource type="property" src="./xml/service-property.xml" />
        <resource type="sql" src="./xml/journal-sql.xml" />
        <resource type="sql" src="./xml/stsys-sql.xml" />
        <resource type="sql" src="./xml/sysinq-sql.xml" />
        <resource type="sql" src="./xml/tran-sql.xml" />
        <resource type="sql" src="./xml/pos-sql.xml" />
        <resource type="sql" src="./xml/service-sql.xml" />
        <resource type="sql" src="./xml/pda-sql.xml" />
        <resource type="telegram" src="./xml/comm-form.xml" />
        <resource type="telegram" src="./xml/journal-form.xml" />
        <resource type="telegram" src="./xml/tran-form.xml" />
        <resource type="telegram" src="./xml/tmoney-form.xml" />
        <resource type="telegram" src="./xml/cashbee-form.xml" />
        <resource type="telegram" src="./xml/comm-form_pda.xml" />
    </resource-repository>

</daemon-config>
