<?xml version="1.0" encoding="utf-8"?>
<property-resource key="decode-key-property">
  <property name="CARD_KEY">
    <![CDATA[3XK0XbERGroD5PprYMtNew==]]>
  </property>
  <property name="PHONE_KEY">
    <![CDATA[uFgwfADdUEvqv2fZVUKHcnLoYVW5decAi1PI/lwHkmk=]]>
  </property>
  <property name="EMAIL_KEY">
    <![CDATA[NEW8fBnsU9HAK1dH513ojr3B1tDbDRQ/A4DHtMQvXb4=]]>
  </property>  
  <property name="DOMICILE_KEY">
    <![CDATA[VTqiw42n48G65i/cF3BIhqbKTvzyMWZgDeadnpgH8PU=]]>
  </property>    
  <property name="ACCOUNT_KEY">
    <![CDATA[kgzjUoKz50DVmhcN3gGQxGtwQmC+i1PbcET29fgza9U=]]>
  </property>      
  <property name="PASSPORT_KEY">
    <![CDATA[zdasXsSlC7Ak/4IlJAhFsKatP1fp3L0RK33b8b8GAaA=]]>
  </property>        
  <property name="ETC_KEY">
    <![CDATA[pPItDSSqz31WUnfOb5JlpQ==]]>
  </property>  
</property-resource>
