<?xml version="1.0" encoding="utf-8"?>
<property-resource key="double-decode-key-property">
  <property name="CARD_KEY">
    <![CDATA[]]>
  </property>
  <property name="PHONE_KEY">
    <![CDATA[]]>
  </property>
  <property name="EMAIL_KEY">
    <![CDATA[]]>
  </property>  
  <property name="DOMICILE_KEY">
    <![CDATA[]]>
  </property>    
  <property name="ACCOUNT_KEY">
    <![CDATA[]]>
  </property>      
  <property name="PASSPORT_KEY">
    <![CDATA[]]>
  </property>        
  <property name="ETC_KEY">
    <![CDATA[]]>
  </property>  
</property-resource>
