<?xml version="1.0" encoding="utf-8"?>
 <message-form name="JOURNAL_DATA">			
	<field name="TR_ITEM_LEN"     length="5" />
	<field name="TR_ITEM_ID"      length="2" />
	<field name="TR_ITEM_SEQ"     length="3" />
  <field name="TRAN_TYPE"       length="1" />
  <field name="PMOD_YN"         length="1" /> 
  <field name="STOP_YN"         length="1" /> 
  <field name="TRAN_KIND"       length="2" /> 
  <field name="TRAN_YMD"        length="8" />
  <field name="STORE_CD"        length="5" /> 
  <field name="POS_NO"          length="4" />
  <field name="TRAN_NO"         length="4" />
  <field name="SYS_YMDHMS"      length="14" />
  <field name="OP_NO"           length="13" />
  <field name="CUST_CLS_ID"     length="2" />
  <field name="CUST_COUNT"      length="3" />
	<field name="NSALE_AMT"       length="16" />
	<field name="JNL_REC_LEN"     length="2" />
	<field name="JNL_DAT_LEN"     length="5" />
	<!-- <field name="JNL_DATA"        length="1" />  -->
 </message-form>                
 