<?xml version="1.0" encoding="utf-8"?>
<sql-resource key="master-sql">
	<!-- 30: POS 주기적인 긴급마스터,프로그램 등등 요청(미배신분만 조회) -->
  	<query name="SEL_STBDA120AT_1">
  		<![CDATA[
    		SELECT *
      		  FROM (
				    SELECT TRANS_YMD
				         , STORE_CD
				         , TRANS_ID
				         , TRANS_SEQ
				         , URGENT_YN
				         , TRANS_VER
				         , TRANS_FILE_DIR
				         , OPER_YMDHMS
				         , OPER_ID
				         , SC_RCV_YMDHMS
				         , MSG_CD
				         , APPL_YMDHMS
				         , POS_RCV_YMDHMS
				         , POS_APPL_YMDHMS
				      FROM STBDA120AT
				     WHERE TRANS_YMD = ? 
				       AND COM_CD  = ? 
				       AND STORE_CD  = ? 
				       AND POS_NO = ?
				       AND TRANS_ID  LIKE ?
				       AND TRANS_ID  <> 'MSG'
				       AND URGENT_YN IN (?, ?)
				       AND OPER_ID   IN ('2','C') --0:배신준비중,1:배신생성중,2:배신준비완료,3:배신완료,4:다운완료,5:적용완료,6:다운실패,7:적용실패,D:배포성공(SC),C:접속실패(SC)
				     ORDER BY TRANS_VER DESC
				   )
     	     WHERE ROWNUM <= 1
    	]]>
  	</query>
  	<!-- 30: POS 주기적인 긴급마스터,프로그램 등등 요청(기배신분 포함 최종것) -->
  	<query name="SEL_STBDA120AT_2">
  		<![CDATA[ 
    		SELECT *
      	  	  FROM (
				    SELECT TRANS_YMD
				         , STORE_CD
				         , TRANS_ID
				         , TRANS_SEQ
				         , URGENT_YN
				         , TRANS_VER
				         , TRANS_FILE_DIR
				         , OPER_YMDHMS
				         , OPER_ID
				         , SC_RCV_YMDHMS
				         , MSG_CD
				         , APPL_YMDHMS
				         , POS_RCV_YMDHMS
				         , POS_APPL_YMDHMS
				      FROM STBDA120AT
				     WHERE TRANS_YMD LIKE ? 
				       AND COM_CD  = ? 
				       AND STORE_CD  = ? 
				       AND POS_NO = ?
				       AND TRANS_ID  LIKE ?
				       AND TRANS_ID  <> 'MSG'
				       AND URGENT_YN = '0'
				       AND OPER_ID   NOT IN ('0', '1') --0:배신준비중,1:배신생성중,2:배신준비완료,3:배신완료,4:다운완료,5:적용완료,6:다운실패,7:적용실패,D:배포성공(SC),C:접속실패(SC)
				     ORDER BY TRANS_VER DESC
				   )
     	     WHERE ROWNUM <= 1				   
    	]]>
  	</query>
	<query name="SEL_MASTERDPLYSEQ">
		<![CDATA[
			SELECT SEQ_DEPLOY_GROUP.NEXTVAL			AS SEQ
			  FROM DUAL
		]]>
	</query>
	<query name="SEL_URGENTMSGLIST">
		<![CDATA[
            SELECT A.URGENT_YN						AS URGENT_YN
                 , A.TRANS_VER						AS TRANS_VER
                 , B.MSG_TITLE						AS MSG_TITLE
                 , B.MSG_CONT						AS MSG_CONT
                 , SUBSTR(B.POS_SYMDHMS, 1, 12) 	AS POS_SYMDHMS
                 , SUBSTR(B.POS_EYMDHMS, 1, 12) 	AS POS_EYMDHMS
              FROM STBDA120AT  A
                 , STBDA101AT  B
             WHERE A.TRANS_YMD = ?
               AND A.STORE_CD = ?
               AND A.POS_NO = ?
               AND A.TRANS_ID = ?
               AND A.TRANS_SEQ = ?
               AND A.COM_CD = ?
               AND A.PROC_ID = '1'
               AND A.TRANS_ID = 'MSG'
               AND A.OPER_ID   IN ('2','C') --0:배신준비중,1:배신생성중,2:배신준비완료,3:배신완료,4:다운완료,5:적용완료,6:다운실패,7:적용실패,D:배포성공(SC),C:접속실패(SC)
               AND A.COM_CD = B.COM_CD
               AND A.MSG_CD = B.MSG_CD
             ORDER BY A.TRANS_VER DESC
		]]>
	</query>
	<query name="UPD_TARGETMASTERLIST">
		<![CDATA[
			UPDATE STBDA120AT
			   SET PROC_ID = ?
			     , MOD_EMP_ID = ''
			 WHERE 1 = 1
			   AND TRANS_YMD = ?
			   AND STORE_CD = ?
			   AND POS_NO = ?
			   AND TRANS_ID = ?
			   AND TRANS_SEQ = ?
		]]>
	</query>
	<!-- 예약된 배신준비완료 대상 조회 -->
	<query name="SEL_TARGETMASTERLIST">
		<![CDATA[
			SELECT A.*
			  FROM (
			SELECT B.COM_CD				AS COM_CD
				 , B.TRANS_YMD			AS TRANS_YMD
				 , B.STORE_CD				AS STORE_CD
				 , B.POS_NO				AS POS_NO
				 , B.TRANS_ID				AS TRANS_ID
				 , B.TRANS_SEQ			AS TRANS_SEQ
				 , B.URGENT_YN			AS URGENT_YN
				 , B.TRANS_VER			AS TRANS_VER
				 , B.TRANS_FILE_DIR		AS TRANS_FILE_DIR
         		 , C.NEW_DEPLOY_YN AS NEW_DEPLOY_YN
				 , TRIM(B.POS_IP)			AS POS_IP
				 , ROW_NUMBER() OVER (PARTITION BY B.STORE_CD, B.POS_NO, B.TRANS_ID ORDER BY B.TRANS_YMD DESC, B.TRANS_SEQ DESC) AS RANK_NO
			  FROM STBDA120AT B
        LEFT OUTER JOIN HQM.HQ_BIZLOC_NEW_DEPLOY_ST C
        		ON B.STORE_CD =  C.BIZLOC_CD
			 WHERE 1 = 1
			   AND B.TRANS_YMD = DECODE(B.TRANS_SEQ, 1, TO_CHAR(SYSDATE+1, 'YYYYMMDD'), TO_CHAR(SYSDATE, 'YYYYMMDD'))
			   AND B.PROC_ID = '1'
			   AND B.MOD_EMP_ID = ?
			       ) A
			 WHERE 1 = 1
			   AND A.RANK_NO = 1	   
		]]>
	</query>
	
	<!-- 배신준비완료 대상 예약 -->
	<query name="UPD_MASTERTARGETSEL">
		<![CDATA[
			UPDATE STBDA120AT
			   SET PROC_ID = '1'
			     , MOD_EMP_ID = ?
			 WHERE 1 = 1
			   AND TRANS_YMD >= TO_CHAR(SYSDATE, 'YYYYMMDD')
			   AND OPER_ID = '2'
			   AND PROC_ID = ?
			   AND MOD_EMP_ID IS NULL
			   --AND MOD(TO_NUMBER(NVL(TRIM(REGEXP_REPLACE(REG_DTM, '([-: ])', '')), 0)), 3) = ?
			   AND ROWNUM <= ?
		]]>
	</query>

	<!-- 정기배신 마스터파일 생성여부 조회_New -->
  	<query name="SEL_MASTERAGENTDAILYEx">
  		<![CDATA[
  			SELECT *
		      FROM (    
				 	SELECT TRANS_YMD
					     , COM_CD
					     , STORE_CD
					     , TRANS_ID
					     , TRANS_SEQ
					  FROM STBDA120AT
					 WHERE TRANS_YMD = ?
					   AND TRANS_ID = 'MST'
					   AND URGENT_YN = '0' --마스터구분 0:일반, 1:긴급
					   AND REG_EMP_ID = 'MASTERAGENTDAILY'
				   )
		     WHERE ROWNUM <= 1
  		]]>
  	</query>
  	
  	<!-- 수동배신 마스터파일 생성여부 조회 -->
  	<query name="SEL_MASTERAGENTMANUALEx">
    	<![CDATA[
	      	SELECT *
	          FROM (
			  	    SELECT TRANS_YMD
			  	         , COM_CD
			  	         , STORE_CD
			  	         , TRANS_ID
			  	         , TRANS_SEQ
			  	      FROM STBDA120AT
			  	     WHERE TRANS_YMD = ?
			  	       AND TRANS_ID = 'MST'
			  	       AND (OPER_ID IS NULL OR OPER_ID = '0')
			  	       AND (TRANS_FILE_DIR IS NULL OR TRANS_FILE_DIR = '')
			  	   )
	         WHERE ROWNUM <= 1					   
    	]]>
  	</query>
  	
  	<!-- 마스터파일을 만들 대상 조회 -->
  	<!-- 0:배신준비중,1:배신생성중,2:배신준비완료,3:배신완료,4:다운완료,5:적용완료,6:다운실패,7:적용실패,D:배포성공(SC),C:접속실패(SC) -->
	<query name="SEL_STBDA120AT">
		<![CDATA[	
	        SELECT A.TRANS_YMD
	             , A.COM_CD 
	             , A.STORE_CD 
	             , A.TRANS_ID 
	             , MAX(A.TRANS_SEQ)      AS TRANS_SEQ
	             , A.URGENT_YN
	             , MAX(A.TRANS_VER)      AS TRANS_VER
	          FROM STBDA120AT  A
	             , HQ_BIZLOC_MST  S
	         WHERE A.TRANS_YMD = ?
	           AND A.STORE_CD LIKE ?
	           AND MOD(A.STORE_CD, 3) = 0 -- 0 : 1번서버, 1 : 2번서버, 2 : 3번서버 
	           AND A.TRANS_ID IN ( 'MST', 'POSDLL', 'FFIMG', 'EVTIMG' )
	           AND A.COM_CD LIKE ?
	           AND S.BIZLOC_CD = A.STORE_CD
	           AND S.CO_CD = A.COM_CD
	           AND S.CLS_DT > TO_CHAR(SYSDATE, 'YYYYMMDD')
	           AND (A.OPER_ID IS NULL OR A.OPER_ID = '0')
	         GROUP BY A.TRANS_YMD
	                , A.COM_CD
	                , A.STORE_CD
	                , A.TRANS_ID
	                , A.URGENT_YN
	         ORDER BY A.COM_CD, A.STORE_CD
    	]]>
	</query>
	
	<!-- 마스터파일 생성전 플래그 셋팅 -->
  	<!-- 0:배신준비중,1:배신생성중,2:배신준비완료,3:배신완료,4:다운완료,5:적용완료,6:다운실패,7:적용실패,D:배포성공(SC),C:접속실패(SC) -->
  	<query name="UPD_STBDA120AT0">
    	<![CDATA[
	    	UPDATE STBDA120AT
	       	   SET OPER_ID        = '1'
	             , FILE_YMDHMS    = FN_DATETIME2STR()
	     	 WHERE TRANS_YMD      = ?
	     	   AND STORE_CD       = ?
	     	   AND TRANS_ID       = ?
	     	   AND TRANS_SEQ      = ?
	           AND COM_CD         = ?
	           AND (OPER_ID IS NULL OR OPER_ID = '0')
    	]]>
  	</query>
  	
  	<!-- 마스터파일 생성후 플래그 셋팅 -->
  	<!-- 0:배신준비중,1:배신생성중,2:배신준비완료,3:배신완료,4:다운완료,5:적용완료,6:다운실패,7:적용실패,D:배포성공(SC),C:접속실패(SC),F:배신생성실패 -->
  	<query name="UPD_STBDA120AT1">
    	<![CDATA[
	    	UPDATE STBDA120AT
	       	   SET TRANS_FILE_DIR = ?
	             , OPER_ID        = ?--'2'
	             , FILE_YMDHMS    = FN_DATETIME2STR()
	         WHERE TRANS_YMD      = ?
	           AND STORE_CD       = ?
	           AND TRANS_ID       = ?
	           AND TRANS_SEQ      = ?
	           AND COM_CD         = ?
	           AND OPER_ID        = '1'
    	]]>
  	</query>
  	
	<!-- 1. 점포마스터(정시) -->
	<query name="SEL_STBDM170AT">
		<![CDATA[
	        SELECT BIZLOC_CD                      AS STORE_CD  									--점포코드
	             , REPR_NM                        AS STORE_OWNER  								--점주명
	             , BIZLOC_NM                      AS STORE_NM  									--점포명
	             , ADDR_1 || ' ' || ADDR_2 || ' ' || ADDR_3 || ' ' || DTL_ADDR AS STORE_ADDR  	--점포주소
	             , BIZCO_NO                       AS STORE_BIZ_NO  								--점포사업자번호
	             , TEL_NO                         AS STORE_TEL  								--점포전화번호
	             , POS_QTY                        AS STORE_POS_QTY  							--점포POS댓수
	             , HDQ_SND_IP                     AS HQ_SEND_IP  								--본부송신IP
	             , HDQ_RCV_IP                     AS HQ_RECV_IP  								--본부수신IP
	             , BIZLOC_STAT_TP                 AS OPEN_ID  									--점포개점여부
	             , MSHIP_PLCY_GRP_CD              AS GROUP_CD  									--포인트그룹코드
	             , HDQ_RCV_IP                     AS OPTION_GP  								--옵션그룹코드
	          FROM HQ_BIZLOC_MST
	         WHERE CO_CD = ?
	         ORDER BY CO_CD, BIZLOC_CD
		]]>
	</query>

  	<!-- 1. PLU 상품 마스터(정시) -->
	<query name="SEL_STBDM130AT">
		<![CDATA[
		    SELECT PLU_CD, CATE_ID, GRP_ID, SGRP_ID, BRAND_ID
		         , PLU_SNM, PLU_NM, ITEM_PRICE, ITEM_TY, ITEM_TAX_ID
		         , BTL_PLU_CD, ITEM_OPRC, SALE_STOP_YN, SALE_UNIT_QTY, DC_YN
		         , SAVE_YN, PRC_CHG_YN, SERVICE_YN, PACK_YN, KS_YN
		         , DELIVERY_YN, SVCCHG_YN, BUY_YN, YOUTH_SALE_YN, SALES_TYPE
		         , PAY_TYPE, FFPLU_YN, TIMEBARCODE_TY, SERVICE_ITEM_TY, MEDICINE_YN
		         , ITEM_CD, CASH_REC_YN
		      FROM (
		            SELECT A.*
		                 , ROW_NUMBER() OVER(ORDER BY A.PLU_CD) RNUM
		              FROM (
				            SELECT ROW_NUMBER() OVER(PARTITION BY A.PLU_CD ORDER BY A.APPLY_DT DESC) AS ROW_NUM 
				                 , A.PLU_CD                            AS PLU_CD  --PLU코드
				                 , A.LCLSS_CD                          AS CATE_ID --카테고리대분류
				                 , A.MCLSS_CD                          AS GRP_ID  --카테고리중분류
				                 , A.SCLSS_CD                          AS SGRP_ID  --카테고리소분류
				                 , A.REPR_BRND_CD                      AS BRAND_ID  --대표브랜드코드
				                 , A.GDS_SHORT_NM                      AS PLU_SNM  --상품단축명
				                 , A.GDS_NM                            AS PLU_NM  --상품명
				                 , A.GDS_SAL_PRC                       AS ITEM_PRICE  --상품단가
				                 , A.FNB_GDS_TP                        AS ITEM_TY  --상품유형
				                 , A.TAX_TP                            AS ITEM_TAX_ID  --세금구분
				                 , ''                                  AS BTL_PLU_CD  --공병상품코드
				                 , A.GDS_COST                          AS ITEM_OPRC  --상품원가
				                 , CASE A.SAL_ENBL_YN 
				                     WHEN '1' THEN '0' ELSE '1' END    AS SALE_STOP_YN  --판매금지여부
				                 , A.SAL_ACQ_QTY                       AS SALE_UNIT_QTY --판매입수수량
				                 , CASE A.DC_YN 
				                     WHEN '1' THEN '0' ELSE '1' END    AS DC_YN  --할인여부
				                 , CASE A.SAVE_YN 
				                     WHEN '1' THEN '0' ELSE '1' END    AS SAVE_YN  --적립여부
				                 , CASE A.PRCCHG_TGET_YN 
				                     WHEN '1' THEN '0' ELSE '1' END    AS PRC_CHG_YN  --매가변경대상여부
				                 , CASE A.SVC_ENBL_YN 
				                     WHEN '1' THEN '0' ELSE '1' END    AS SERVICE_YN  --서비스가능구분
				                 , CASE A.PACK_ENBL_YN 
				                     WHEN '1' THEN '0' ELSE '1' END    AS PACK_YN  --포장가능구분
				                 , CASE A.COOK_PRT_YN 
				                     WHEN '1' THEN '0' ELSE '1' END    AS KS_YN  --주방출력가능여부
				                 , CASE A.THPS_ENBL_YN 
				                     WHEN '1' THEN '0' ELSE '1' END    AS DELIVERY_YN  --배달가능구분
				                 , CASE A.SVE_AMT_ENBL_YN 
				                     WHEN '1' THEN '0' ELSE '1' END    AS SVCCHG_YN  --봉사료가능여부
				                 , CASE A.BUY_GDS_YN
				                     WHEN '1' THEN '0' ELSE '1' END    AS BUY_YN  --사입상품여부
				                 , CASE A.TEEN_NOX_YN
				                     WHEN '1' THEN '0' ELSE '1' END    AS YOUTH_SALE_YN  --청소년판매금지상품
				                 , CASE A.NETSALE_EXCEPT_YN
				                     WHEN '1' THEN '0' ELSE '1' END    AS SALES_TYPE  --순매출제외여부
				                 , CASE A.CASH_PAY_YN
				                     WHEN '1' THEN '0' ELSE '1' END    AS PAY_TYPE  --현금결제여부
				                 , CASE A.FSH_GDS_TGET_YN
				                     WHEN '1' THEN '0' ELSE '1' END    AS FFPLU_YN  --신선상품 대상 여부
				                 , A.TMBARCD_TP                        AS TIMEBARCODE_TY  --타임바코드구분
				                 , A.SVC_GDS_TP_TP                     AS SERVICE_ITEM_TY  --서비스상품유형구분
				                 , CASE A.MDCAL_YN
				                     WHEN '1' THEN '0' ELSE '1' END    AS MEDICINE_YN  --의약품여부
				                 , A.ITEM_CD                           AS ITEM_CD  --품목코드
								 , CASE A.CASH_REC_YN
									 WHEN '1' THEN '1' ELSE '0' END	   AS CASH_REC_YN  --현금영수증제외여부
				              FROM ST_STRGDS_TSK A  --점포상품마스터(POS용대기)
				                   INNER JOIN HQ_BIZLOC_MST B
				                      ON A.ORG_CD = B.ORG_CD
				                     AND B.CLS_DT >= TO_CHAR(SYSDATE, 'YYYYMMDD')
	                         WHERE A.ORG_CD      = 'A16'||?
	                           AND A.CO_CD       = ?
	                           AND A.DEL_YN      = '0'
					       ) A 
					 WHERE A.ROW_NUM = 1
		           ) A
		     WHERE RNUM BETWEEN (?*1000)+1 AND ((?+1)*1000)
		     ORDER BY RNUM
		]]>
	</query>

	<!-- 2. PLU 상품 마스터(긴급 변경분) -->
  	<query name="SEL_STBDM130AT2">
    	<![CDATA[
      		SELECT PLU_CD, CATE_ID, GRP_ID, SGRP_ID, BRAND_ID
           		 , PLU_SNM, PLU_NM, ITEM_PRICE, ITEM_TY, ITEM_TAX_ID
           		 , BTL_PLU_CD, ITEM_OPRC, SALE_STOP_YN, SALE_UNIT_QTY, DC_YN
           		 , SAVE_YN, PRC_CHG_YN, SERVICE_YN, PACK_YN, KS_YN
           		 , DELIVERY_YN, SVCCHG_YN, BUY_YN, YOUTH_SALE_YN, SALES_TYPE
           		 , PAY_TYPE, FFPLU_YN, TIMEBARCODE_TY, SERVICE_ITEM_TY, MEDICINE_YN
           		 , ITEM_CD, CASH_REC_YN
        	  FROM (
              		SELECT A.*
                   		 , ROW_NUMBER() OVER(ORDER BY A.PLU_CD) RNUM
              		  FROM (
		              		SELECT ROW_NUMBER() OVER(PARTITION BY A.PLU_CD ORDER BY A.APPLY_DT DESC) AS ROW_NUM
		                   		 , A.PLU_CD                            AS PLU_CD  --PLU코드
		                   		 , A.LCLSS_CD                          AS CATE_ID --카테고리대분류
		                   		 , A.MCLSS_CD                          AS GRP_ID  --카테고리중분류
		                   		 , A.SCLSS_CD                          AS SGRP_ID  --카테고리소분류
		                   		 , A.REPR_BRND_CD                      AS BRAND_ID  --대표브랜드코드
		                   		 , A.GDS_SHORT_NM                      AS PLU_SNM  --상품단축명
		                   		 , A.GDS_NM                            AS PLU_NM  --상품명
		                   		 , A.GDS_SAL_PRC                       AS ITEM_PRICE  --상품단가
			                     , A.FNB_GDS_TP                        AS ITEM_TY  --상품유형
			                     , A.TAX_TP                            AS ITEM_TAX_ID  --세금구분
			                     , ''                                  AS BTL_PLU_CD  --공병상품코드
			                     , A.GDS_COST                          AS ITEM_OPRC  --상품원가
			                     , CASE A.SAL_ENBL_YN 
			                         WHEN '1' THEN '0' ELSE '1' END    AS SALE_STOP_YN  --판매금지여부
			                     , A.SAL_ACQ_QTY                       AS SALE_UNIT_QTY --판매입수수량
			                     , CASE A.DC_YN 
			                         WHEN '1' THEN '0' ELSE '1' END    AS DC_YN  --할인여부
			                     , CASE A.SAVE_YN 
			                         WHEN '1' THEN '0' ELSE '1' END    AS SAVE_YN  --적립여부
			                     , CASE A.PRCCHG_TGET_YN 
			                         WHEN '1' THEN '0' ELSE '1' END    AS PRC_CHG_YN  --매가변경대상여부
			                     , CASE A.SVC_ENBL_YN 
			                         WHEN '1' THEN '0' ELSE '1' END    AS SERVICE_YN  --서비스가능구분
			                     , CASE A.PACK_ENBL_YN 
			                         WHEN '1' THEN '0' ELSE '1' END    AS PACK_YN  --포장가능구분
			                     , CASE A.COOK_PRT_YN 
			                         WHEN '1' THEN '0' ELSE '1' END    AS KS_YN  --주방출력가능여부
			                     , CASE A.THPS_ENBL_YN 
			                         WHEN '1' THEN '0' ELSE '1' END    AS DELIVERY_YN  --배달가능구분
			                     , CASE A.SVE_AMT_ENBL_YN 
			                         WHEN '1' THEN '0' ELSE '1' END    AS SVCCHG_YN  --봉사료가능여부
			                     , CASE A.BUY_GDS_YN
			                         WHEN '1' THEN '0' ELSE '1' END    AS BUY_YN  --사입상품여부
			                     , CASE A.TEEN_NOX_YN
			                         WHEN '1' THEN '0' ELSE '1' END    AS YOUTH_SALE_YN  --청소년판매금지상품
			                     , CASE A.NETSALE_EXCEPT_YN
			                         WHEN '1' THEN '0' ELSE '1' END    AS SALES_TYPE  --순매출제외여부
			                     , CASE A.CASH_PAY_YN
			                         WHEN '1' THEN '0' ELSE '1' END    AS PAY_TYPE  --현금결제여부
			                     , CASE A.FSH_GDS_TGET_YN
			                         WHEN '1' THEN '0' ELSE '1' END    AS FFPLU_YN  --신선상품 대상 여부
			                     , A.TMBARCD_TP                        AS TIMEBARCODE_TY  --타임바코드구분
			                     , A.SVC_GDS_TP_TP                     AS SERVICE_ITEM_TY  --서비스상품유형구분
			                     , CASE A.MDCAL_YN
			                         WHEN '1' THEN '0' ELSE '1' END    AS MEDICINE_YN  --의약품여부
								 , A.ITEM_CD                           AS ITEM_CD  --품목코드
								 , CASE A.CASH_REC_YN
									 WHEN '1' THEN '1' ELSE '0' END	   AS CASH_REC_YN  --현금영수증제외여부
		                	  FROM ST_STRGDS_TSK A  --점포상품마스터(POS용대기)
		               		 WHERE A.ORG_CD      = 'A16'||?
		                 	   AND A.CO_CD       = ?
		                 	   AND A.REG_DTM >= TO_CHAR(SYSDATE - 1, 'YYYY-MM-DD')||' 23'
		                 	   AND A.DEL_YN      = '0'
		                   ) A 
               		 WHERE A.ROW_NUM = 1
                   ) A
       		 WHERE RNUM BETWEEN (?*1000)+1 AND ((?+1)*1000)
       		 ORDER BY RNUM
		]]>
	</query>
  
  	<query name="SEL_STBDM130AT_PDA">
  		<![CDATA[
			SELECT PLU_CD, PLU_SNM, ITEM_PRICE, SAL_ENBL_YN
			  FROM (
			        SELECT A.PLU_CD         AS PLU_CD
			             , A.PLU_SNM        AS PLU_SNM
			             , A.ITEM_PRICE     AS ITEM_PRICE
			             , A.SAL_ENBL_YN	AS SAL_ENBL_YN
			             , A.ITEM_QTY       AS ITEM_QTY
			             , ROW_NUMBER() OVER(ORDER BY A.PLU_CD) AS RNUM
			          FROM (
			                SELECT ROW_NUMBER() OVER(PARTITION BY MT.PLU_CD ORDER BY MT.ITEM_CD DESC) AS ROW_NUM
			                	 , MT.PLU_CD            AS PLU_CD
			                     , MT.GDS_SHORT_NM      AS PLU_SNM
			                     , MT.GDS_SAL_PRC       AS ITEM_PRICE
			                     , MT.SAL_ENBL_YN		AS SAL_ENBL_YN
			                     , TR.ITEM_QTY          AS ITEM_QTY
			                  FROM ST_STRGDS_TSK MT
			                       LEFT OUTER JOIN (
			                                       SELECT /*+ NO_MERGE INDEX_SS(STTRP120DT) */ COM_CD             AS CO_CD
			                                            , STORE_CD           AS STORE_CD
			                                            , MAX(PLU_CD)        AS PLU_CD
			                                            , ITEM_CD            AS ITEM_CD
			                                            , COUNT(ITEM_CD)     AS ITEM_QTY
			                                         FROM STTRP120DT
			                                        WHERE 1 = 1
			                                          AND TRAN_YMD BETWEEN TO_CHAR(SYSDATE-180, 'YYYYMMDD') AND TO_CHAR(SYSDATE, 'YYYYMMDD')
			                                          AND STORE_CD = ?
			                                          AND COM_CD = ?
			                                        GROUP BY COM_CD, STORE_CD, ITEM_CD
			                                       ) TR
			                         ON MT.ORG_CD = 'A16'||TR.STORE_CD
			                        AND MT.CO_CD = TR.CO_CD
			                        AND MT.PLU_CD = TR.PLU_CD
			                        INNER JOIN HQ_BIZLOC_MST HQ
			                           ON MT.ORG_CD = HQ.ORG_CD
			                          AND MT.CO_CD = HQ.CO_CD
			                          AND HQ.CLS_DT >= TO_CHAR(SYSDATE, 'YYYYMMDD')
			                 WHERE 1 = 1 
			                   AND MT.ORG_CD = 'A16'||?
			                   AND MT.CO_CD = ?
			                 ORDER BY NVL(TR.ITEM_QTY,0) DESC, MT.PLU_CD ASC
			               ) A
			         WHERE 1 = 1
			           AND ROW_NUM = 1
			           AND ROWNUM <= 3000
			       )
			 WHERE RNUM BETWEEN (?*1000)+1 AND ((?+1)*1000)
			 ORDER BY RNUM  	
  		]]>
  	</query>

  	<!-- 3. 브랜드 마스터(일반) -->
  	<query name="SEL_STBDM020AT">
    	<![CDATA[
		    SELECT BRND_ORG_CD                AS BRAND_ID  --브랜드ID
		         , BRND_ORG_NM                AS BRAND_NM  --브랜드명
		      FROM HQ_BRNDORG_MST
		     WHERE CO_CD          = ?
		     ORDER BY BRND_ORG_CD
    	]]>
  	</query>

  	<!-- 3. 카테고리대분류 마스터(일반) -->
  	<query name="SEL_STBDM051AT">
    	<![CDATA[
		    SELECT LCLSS_CD                   AS CATE_ID
		         , CATE_NM                    AS CATE_NAME
		      FROM HQ_CATE_MST
		     WHERE CO_CD          = ?
		       AND CATE_LVL_TP    = '1'
		     ORDER BY CATE_CD
    	]]>
  	</query>

  	<!-- 3. 카테고리중분류 마스터(일반) -->
  	<query name="SEL_STBDM052AT">
    	<![CDATA[
		    SELECT MCLSS_CD                   AS GRP_ID
		         , LCLSS_CD                   AS CATE_ID
		         , CATE_NM                    AS GRP_NAME
		      FROM HQ_CATE_MST
		     WHERE CO_CD          = ?
		       AND CATE_LVL_TP    = '2'
		     ORDER BY CATE_CD
    	]]>
  	</query>

  	<!-- 3. 카테고리소분류 마스터(일반) -->
  	<query name="SEL_STBDM053AT">
    	<![CDATA[
		    SELECT SCLSS_CD                   AS SGRP_ID
		         , MCLSS_CD                   AS GRP_ID
		         , LCLSS_CD                   AS CATE_ID
		         , CATE_NM                    AS SGRP_NAME
		      FROM HQ_CATE_MST
		     WHERE CO_CD          = ?
		       AND CATE_LVL_TP    = '3'
		     ORDER BY CATE_CD
    	]]>
  	</query>

  	<!-- 5. 점포영수증 마스터(정시) -->
  	<query name="SEL_STBDM270AT">
    	<![CDATA[
            SELECT ST.POS_NO                        AS POS_NO  --포스번호
                 , ST.USE_ID                        AS USE_ID  --영수증인쇄구분<MT02>
                 , ST.PRT_SEQ                       AS PRT_SEQ  --출력순번
                 , ST.PRT_ID                        AS PRT_ID  --출력여부
                 , ST.ENLARGE_ID                    AS ENLARGE_ID  --프린트확대구분<S421>
                 , ST.CHAR_STRING                   AS CHAR_STRING  --메시지값
              FROM (
                    SELECT A.POS_NO                     AS POS_NO
                         , A.BILL_PRT_TP                AS USE_ID
                         , A.PRT_SEQ                    AS PRT_SEQ
                         , A.PRT_YN                     AS PRT_ID
                         , A.PRT_INCR_TP                AS ENLARGE_ID
                         , A.MSG_VAL                    AS CHAR_STRING
                         , ROW_NUMBER() OVER(PARTITION BY A.CO_CD, A.ORG_CD, A.POS_NO, A.BILL_PRT_TP, A.PRT_SEQ ORDER BY A.CO_CD, A.ORG_CD, A.POS_NO, A.BILL_PRT_TP, A.PRT_SEQ, A.APPLY_ST_DT DESC) AS ROW_NUM
                      FROM ST_POSBILL_MST A  --점포영수증마스터
                           INNER JOIN HQ_BIZLOC_MST B  --사업장마스터
                              ON A.ORG_CD = 'A16' || B.BIZLOC_CD
                             AND A.CO_CD = B.CO_CD
                     WHERE B.BIZLOC_CD      = ?
                       AND A.APPLY_ST_DT   <= TO_CHAR(SYSDATE, 'YYYYMMDD')  --적용시작일자
                       AND A.CO_CD          = ?
                       AND A.PRT_YN         = '1'
                   ) ST
              WHERE 1 = 1
                AND ST.ROW_NUM = 1
    	]]>
  	</query>

  	<!-- 5. 영수증유형그룹 마스터(정시) -->
  	<query name="SEL_STBDM271AT">
    	<![CDATA[
		    SELECT BILL_GRP_CD                AS RECEIPT_FORMAT_GROUP
		         , BILL_GRP_NM                AS RECEIPT_FORMAT_GROUP_NM
		      FROM ST_BILLTPGRP_MST
		     WHERE CO_CD          = ?
		     ORDER BY BILL_GRP_CD ASC
    	]]>
  	</query>

  	<!-- 5. 영수증유형 마스터(정시) -->
  	<query name="SEL_STBDM272AT">
    	<![CDATA[
		    SELECT BILL_GRP_CD                AS RECEIPT_FORMAT_GROUP
		         , BILL_TP                    AS RECEIPT_FORMAT_FLAG
		         , SEQ_NO                     AS SEQ_NO
		         , SORT_TP                    AS ALIGN_FLAG
		         , WRD_SIZE_TP                AS SIZE_FLAG
		         , BILL_TAG                   AS RECEIPT_FORMAT_TAG
		      FROM ST_BILLTP_MST
		     WHERE CO_CD          = ?
		     ORDER BY BILL_GRP_CD ASC, BILL_TP ASC, SEQ_NO ASC
    	]]>
  	</query>

  	<!-- 5. 주방프린터유형그룹 마스터(정시) -->
  	<query name="SEL_STBDM273AT">
    	<![CDATA[
		    SELECT COOK_PRTER_GRP_CD          AS KPS_FORMAT_GROUP
		         , COOK_PRTER_GRP_NM          AS KPS_FORMAT_GROUP_NM
		      FROM ST_COOKPRTERTPGRP_MST
		     WHERE CO_CD          = ?
		     ORDER BY COOK_PRTER_GRP_CD ASC
    	]]>
  	</query>

  	<!-- 5. 주방프린터유형 마스터(정시) -->
  	<query name="SEL_STBDM274AT">
    	<![CDATA[
		    SELECT COOK_PRTER_GRP_CD          AS KPS_FORMAT_GROUP
		         , COOK_PRTER_TP              AS KPS_FORMAT_FLAG
		         , SEQ_NO                     AS SEQ_NO
		         , SORT_TP                    AS ALIGN_FLAG
		         , WRD_SIZE_TP                AS SIZE_FLAG
		         , COOK_PRTER_TAG             AS KPS_FORMAT_TAG
		      FROM ST_COOKPRTERTP_MST
		     WHERE CO_CD          = ?
		     ORDER BY COOK_PRTER_GRP_CD ASC, COOK_PRTER_TP ASC, SEQ_NO ASC
    	]]>
  	</query>

  	<!-- 5. 정산지인쇄유형그룹 마스터(정시) -->
  	<query name="SEL_STBDM275AT">
    	<![CDATA[
		    SELECT BALP_PRT_GRP_CD            AS ACCOUNT_SLIP_FORMAT_GROUP
		         , BALP_PRT_GRP_NM            AS ACCOUNT_SLIP_FORMAT_GROUP_NM
		      FROM ST_BALPPRTGRP_MST
		     WHERE CO_CD          = ?
		     ORDER BY BALP_PRT_GRP_CD ASC
    	]]>
  	</query>

  	<!-- 5. 정산지인쇄유형 마스터(정시) -->
  	<query name="SEL_STBDM276AT">
    	<![CDATA[
		    SELECT BALP_PRT_GRP_CD            AS ACCOUNT_SLIP_FORMAT_GROUP
		         , BALP_TP                    AS ACCOUNT_SLIP_TYPE
		         , SEQ_NO                     AS SEQ_NO
		         , BALP_ITM_TP                AS ACCOUNT_CODE
		         , BALP_PRT_TP                AS PRINT_FLAG
		      FROM ST_BALPPRT_MST
		     WHERE CO_CD          = ?
		     ORDER BY BALP_PRT_GRP_CD ASC, BALP_TP ASC, SEQ_NO ASC
    	]]>
  	</query>

  	<!-- 3. 대체상품마스터(정시) -->
  	<query name="SEL_STBDM011AT">
    	<![CDATA[
            SELECT B.PLU_CD              AS PLU_CD  --PLU코드
                 , (SELECT GDS_CD FROM HQ_GDS_MST WHERE ITEM_CD = A.TRSF_ITEM_CD AND CO_CD = A.CO_CD)  AS SUBSTITUTION_PLU_CD  --대체PLU코드
                 , A.FLUC_AMT         AS COMBO_UP_CHARGE_AMT  --콤보추가금액
              FROM HQ_SALTRSFGDS_MGR A  --대체상품마스터
                  INNER JOIN HQ_GDS_MST B  --상품마스터
                     ON B.ITEM_CD = A.ITEM_CD
                    AND B.CO_CD = A.CO_CD
             WHERE A.CO_CD = ?
             ORDER BY A.ITEM_CD ASC, A.TRSF_ITEM_CD ASC
    	]]>
  	</query>

  	<!-- 1. 판촉행사 마스터 -->
  	<query name="SEL_STBDM102AT">
    	<![CDATA[
            SELECT EVT_CD                         AS PROM_EVT_CD  --행사코드
                 , EVT_SHORT_NM                   AS PROM_EVT_NM  --판촉행사명
                 , ST_DT                          AS PROM_EVT_SYMD  --판촉행사시작일자
                 , ED_DT                          AS PROM_EVT_EYMD  --판촉행사종료일자
                 , ST_TTM                         AS PROM_EVT_SHH  --판촉행사시작시간
                 , ED_TTM                         AS PROM_EVT_EHH  --판촉행사종료시간
                 , SUN_APPLY_YN || MON_APPLY_YN || TUE_APPLY_YN || WED_APPLY_YN
                   || THU_APPLY_YN || FRI_APPLY_YN || SAT_APPLY_YN AS PROM_EVT_ADAY_YN  --판촉행사요일별적용유무
                 , EVT_PRTO                       AS PROM_EVT_SEQ  --행사우선순위
                 , EVT_CLSS_TP                    AS PROM_EVT_TY  --행사유형
                 , EVT_DTL_TP                     AS PROM_EVT_CND  --조건구분(1:item행사,2:쿠폰행사,3:멤버행사,4:결제행사,5:N+1)
                 , CASE EVT_DTL_TP
                       WHEN '2' THEN CPON_NO  --쿠폰행사
                       WHEN '3' THEN CPON_NO  --멤버행사
                       WHEN '4' THEN CPON_NO  --결제행사
                   ELSE ' ' END                   AS PROM_EVT_COUPON  --쿠폰번호
                 , GDS_SUPY_QTY                   AS PROM_EVT_ORG_ID  --상품지급수량
                 , EVT_QUAF_TP_1                  AS PROM_EVT_ORG_CG1_TY  --구성1자격구분
                 , QTY_AMT_1                      AS PROM_EVT_ORG_CG1_AMT  --구성1금액
                 , DC_RT_QTY_AMT_1                AS PROM_EVT_ORG_CG1_DC  --구성1할인금액
                 , EVT_QUAF_TP_2                  AS PROM_EVT_ORG_CG2_TY  --구성2자격구분
                 , QTY_AMT_2                      AS PROM_EVT_ORG_CG2_AMT  --구성2금액
                 , DC_RT_QTY_AMT_2                AS PROM_EVT_ORG_CG2_DC  --구성2할인금액
                 , EVT_QUAF_TP_3                  AS PROM_EVT_ORG_CG3_TY  --구성3자격구분
                 , QTY_AMT_3                      AS PROM_EVT_ORG_CG3_AMT  --구성3금액
                 , DC_RT_QTY_AMT_3                AS PROM_EVT_ORG_CG3_DC  --구성3할인금액
                 , EVT_QUAF_TP_4                  AS PROM_EVT_ORG_CG4_TY  --구성4자격구분
                 , QTY_AMT_4                      AS PROM_EVT_ORG_CG4_AMT  --구성4금액
                 , DC_RT_QTY_AMT_4                AS PROM_EVT_ORG_CG4_DC  --구성4할인금액
                 , PRMT_EVT_DSCRT                 AS PROM_EVT_DESC  --판촉행사설명
                 , EVT_DC_TP                      AS PROM_EVT_DC_DIV  --할인구분
                 , EVT_MDUP_QTY_AMT               AS PROM_EVT_AMT  --행사적용금액
                 , CASE EVT_DTL_TP
                   WHEN '3' THEN (BIRTHDAY_YN || REMB_DT_YN)
                   ELSE ' ' END                   AS FILLER1  --멤버정보(생일여부+결혼기념일여부)
				 , MAX_DISC_AMT					  AS FILLER2  --최대할인금액
				 , CCARD_EVT_TP					  AS FILLER3  --신용카드행사적용구분<S979>
				 , OBJ_REG_TP					  AS FILLER4  --보상상품등록대상구분<S981>
              FROM ST_EVTPRMT_MST
             WHERE 1 = 1
               AND ST_DT <= CASE
                                WHEN ? = '0' THEN TO_CHAR(SYSDATE+1, 'YYYYMMDD')
                                ELSE TO_CHAR(SYSDATE, 'YYYYMMDD')
                             END
               AND ED_DT >= CASE
                                WHEN ? = '0' THEN TO_CHAR(SYSDATE+1, 'YYYYMMDD')
                                ELSE TO_CHAR(SYSDATE, 'YYYYMMDD')
                             END
               AND ORG_CD = 'A16' || ?
               AND CO_CD = ?
             ORDER BY EVT_CD ASC, ST_DT ASC, ED_DT ASC
    	]]>
  	</query>

  	<!-- 2. 판촉행사상품 마스터 -->
  	<query name="SEL_STBDM103AT">
    	<![CDATA[
            SELECT D.*
              FROM (
                    SELECT B.PLU_CD                 AS PLU_CD  --PLU코드
                         , B.EVT_CD                 AS PROM_EVT_CD  --행사코드
                         , B.EVT_GRP_TP             AS ITEM_ORG_GRP  --상품구성그룹
                         , B.HDQ_SAL_PRC            AS HQ_ITEM_UPRC  --본부단가
                         , B.EVT_RT_AMT             AS DC_PRICE  --행사판매가
                         , B.EVT_CLSS_TP            AS PROM_EVT_TY  --행사유형
                         , B.EVT_DC_TP              AS PROM_EVT_DIV  --적용구분
                         , B.OBJ_REG_TP				AS OBJ_REG_TY  --대상등록구분<S981>
                         , ROW_NUMBER() OVER(PARTITION BY B.EVT_CD, B.PLU_CD ORDER BY B.ITEM_CD DESC) AS ROW_NUM
                      FROM ST_EVTPRMT_MST A  --판촉행사마스터
                           INNER JOIN ST_EVTGDSPRMT_MST B  -- 판촉행사상품
                              ON B.EVT_CD = A.EVT_CD    -- 행사코드
                             AND B.CO_CD = A.CO_CD      -- 회사코드
                           LEFT OUTER JOIN ST_STRGDS_MST C
                              ON C.ORG_CD = A.ORG_CD
                             AND C.ITEM_CD = B.ITEM_CD
                             AND C.CO_CD = A.CO_CD
                     WHERE 1 = 1
                       AND A.ST_DT <= CASE
                                          WHEN ? = '0' THEN TO_CHAR(SYSDATE+1, 'YYYYMMDD')
                                          ELSE TO_CHAR(SYSDATE, 'YYYYMMDD')
                                       END
                       AND A.ED_DT >= CASE
                                          WHEN ? = '0' THEN TO_CHAR(SYSDATE+1, 'YYYYMMDD')
                                          ELSE TO_CHAR(SYSDATE, 'YYYYMMDD')
                                       END
                       AND A.ORG_CD = 'A16' || ?
                       AND A.CO_CD = ?
                       AND NVL(C.DEL_YN, 0) = '0'
                       AND NVL(C.BUY_GDS_YN, 0) = '0'
                   ) D
             WHERE D.ROW_NUM = '1'
             ORDER BY D.PROM_EVT_CD ASC, D.PLU_CD ASC
    	]]>
  	</query>

  	<!-- 4. 판촉행사카드 마스터 -->
  	<query name="SEL_STBDM104AT">
  	<![CDATA[
  		SELECT B.EVT_CD             AS PROM_EVT_CD
		     , B.PREFIX_ST_NO       AS PREFIX_ST_NO
		     , B.PREFIX_END_NO      AS PREFIX_END_NO
		  FROM ST_EVTPRMT_MST A         -- 판촉행사마스터
		       INNER JOIN ST_EVTPREFIXPRMT_MST B        -- 판촉행사카드행사
		          ON A.EVT_CD = B.EVT_CD
		         AND A.CO_CD = B.CO_CD
		 WHERE 1 = 1
		   AND A.ST_DT <= CASE
		                    WHEN ? = '0' THEN TO_CHAR(SYSDATE+1, 'YYYYMMDD')
		                    ELSE TO_CHAR(SYSDATE, 'YYYYMMDD')
		                  END
		   AND A.ED_DT >= CASE
		                    WHEN ? = '0' THEN TO_CHAR(SYSDATE+1, 'YYYYMMDD')
		                    ELSE TO_CHAR(SYSDATE, 'YYYYMMDD')
		                  END
		   AND A.ORG_CD = 'A16' || ?
		   AND A.CO_CD = ?
		 ORDER BY PROM_EVT_CD ASC, PREFIX_ST_NO ASC
  	]]>
  	</query>

  	<!-- 3. 영수증행사 마스터 -->
  	<query name="SEL_STBDM110AT">
    	<![CDATA[
	        SELECT EVT_CD                         AS RECT_EVT_CD  --행사코드
	             , EVT_NM                   	  AS RECT_EVT_NM  --판촉행사명
	             , ST_DT                          AS RECT_EVT_SYMD  --판촉행사시작일자
	             , ED_DT                          AS RECT_EVT_EYMD  --판촉행사종료일자
	             , ST_TTM                         AS RECT_EVT_SHH  --판촉행사시작시간
	             , ED_TTM                         AS RECT_EVT_EHH  --판촉행사종료시간
	             , SUN_APPLY_YN || MON_APPLY_YN || TUE_APPLY_YN || WED_APPLY_YN 
	               || THU_APPLY_YN || FRI_APPLY_YN || SAT_APPLY_YN AS RECT_EVT_ADAY_YN  --판촉행사요일별적용유무
	             , BILL_EVT_COND_TP               AS RECT_EVT_TY  --행사유형
	             , EVT_MDUP_QTY_AMT               AS RECT_EVT_AMT  --행사성립금액
	             , EVT_DTL_TP                     AS RECT_EVT_KIND  --영수증행사구분
	             , BILL_PRT_MSG_1                 AS RECT_PRT_MSG1  --영수증출력메시지1
	             , BILL_PRT_MSG_2                 AS RECT_PRT_MSG2  --영수증출력메시지2
	             , BILL_PRT_MSG_3                 AS RECT_PRT_MSG3  --영수증출력메시지3
	             , BILL_PRT_MSG_4                 AS RECT_PRT_MSG4  --영수증출력메시지4
	             , BILL_PRT_MSG_5                 AS RECT_PRT_MSG5  --영수증출력메시지5
	             , BILL_PRT_MSG_6                 AS RECT_PRT_MSG6  --영수증출력메시지6
	             , BILL_PRT_MSG_7                 AS RECT_PRT_MSG7  --영수증출력메시지7
	             , BILL_PRT_MSG_8                 AS RECT_PRT_MSG8  --영수증출력메시지8
	             , BILL_PRT_MSG_9                 AS RECT_PRT_MSG9  --영수증출력메시지9
	             , BILL_PRT_MSG_10                AS RECT_PRT_MSG10  --영수증출력메시지10
				 , CCARD_EVT_TP					  AS FILLER1  --신용카드행사적용구분<S979>
	          FROM ST_EVTBILL_MST
	         WHERE 1 = 1
	           AND ST_DT <= CASE
                                WHEN ? = '0' THEN TO_CHAR(SYSDATE+1, 'YYYYMMDD')
                                ELSE TO_CHAR(SYSDATE, 'YYYYMMDD')
                             END
               AND ED_DT >= CASE
                                WHEN ? = '0' THEN TO_CHAR(SYSDATE+1, 'YYYYMMDD')
                                ELSE TO_CHAR(SYSDATE, 'YYYYMMDD')
                             END
	           AND ORG_CD = 'A16' || ?
	           AND CO_CD = ?
	         ORDER BY EVT_CD ASC, ST_DT ASC, ED_DT ASC
    	]]>
  	</query>

  	<!-- 4. 영수증행사상품 마스터 -->
  	<query name="SEL_STBDM111AT">
    	<![CDATA[
    		SELECT D.*
    		  FROM (
			        SELECT B.PLU_CD                 AS PLU_CD  --PLU코드
			             , B.EVT_CD                 AS RECT_EVT_CD  --행사코드
			             , B.OBJ_REG_TP				AS OBJ_REG_TY  --대상등록구분<S981>
			             , ROW_NUMBER() OVER(PARTITION BY B.EVT_CD, B.PLU_CD ORDER BY B.ITEM_CD DESC) AS ROW_NUM
			          FROM ST_EVTBILL_MST A  --영수증행사마스터
			               INNER JOIN ST_EVTGDSBILL_MST B  -- 영수증행사상품
			                  ON B.EVT_CD = A.EVT_CD --행사코드
			                 AND B.CO_CD = A.CO_CD   --회사코드
			               LEFT OUTER JOIN ST_STRGDS_MST C
			                  ON C.ORG_CD = A.ORG_CD
			                 AND C.ITEM_CD = B.ITEM_CD
			                 AND C.CO_CD = A.CO_CD
			         WHERE 1 = 1
			           AND A.ST_DT <= CASE
		                                WHEN ? = '0' THEN TO_CHAR(SYSDATE+1, 'YYYYMMDD')
		                                ELSE TO_CHAR(SYSDATE, 'YYYYMMDD')
		                             END
		               AND A.ED_DT >= CASE
		                                WHEN ? = '0' THEN TO_CHAR(SYSDATE+1, 'YYYYMMDD')
		                                ELSE TO_CHAR(SYSDATE, 'YYYYMMDD')
		                             END
			           AND A.ORG_CD = 'A16' || ?
			           AND A.CO_CD = ?
			           AND NVL(C.DEL_YN, '0') = '0'
			           AND NVL(C.BUY_GDS_YN, '0') = '0'
			         ORDER BY B.EVT_CD ASC, C.PLU_CD ASC
			       ) D
			 WHERE D.ROW_NUM = '1' 
			 ORDER BY D.RECT_EVT_CD ASC, D.PLU_CD ASC
    	]]>
  	</query>

  	<!-- 4. 영수증행사카드 마스터 -->
  	<query name="SEL_STBDM112AT">
  		<![CDATA[
	        SELECT B.EVT_CD             AS PROM_EVT_CD
	             , B.PREFIX_ST_NO       AS PREFIX_ST_NO
	             , B.PREFIX_END_NO      AS PREFIX_END_NO
	          FROM ST_EVTBILL_MST A         -- 판촉행사마스터
	               INNER JOIN ST_EVTPREFIXPRMT_MST B        -- 판촉행사카드행사
	                  ON A.EVT_CD = B.EVT_CD
	                 AND A.CO_CD = B.CO_CD
	         WHERE 1 = 1
	           AND A.ST_DT <= CASE
	                            WHEN ? = '0' THEN TO_CHAR(SYSDATE+1, 'YYYYMMDD')
	                            ELSE TO_CHAR(SYSDATE, 'YYYYMMDD')
	                          END
	           AND A.ED_DT >= CASE
	                            WHEN ? = '0' THEN TO_CHAR(SYSDATE+1, 'YYYYMMDD')
	                            ELSE TO_CHAR(SYSDATE, 'YYYYMMDD')
	                          END
	           AND A.ORG_CD = 'A16' || ?
	           AND A.CO_CD = ?
	         ORDER BY PROM_EVT_CD ASC, PREFIX_ST_NO ASC  		
  		]]>
  	</query>

  	<!-- 10. 직원 마스터(글로벌) -->
  	<query name="SEL_STBDM300AT">
    	<![CDATA[
            SELECT M2.POS_LOGIN_ID          AS USER_ID                  /* 사원코드(POS로그인ID) */
                 , M2.STR_STAFF_TP          AS USER_TY                  /* 점포직원구분<MT01> */
                 , M3.USER_NM               AS USER_NM                  /* 사용자명 */
                 , M2.POS_PWD               AS USER_PW                  /* POS비밀번호 */
                 , M2.STR_AUTH_GRP_CD       AS USER_AUTH_GRP_CD         /* 점포권한그룹코드 */
                 , M2.STAFF_CARD_NO         AS USER_CARD_NO             /* 직원카드번호 */
              FROM HQ_BIZLOC_MST M1 /* HQ_사업장마스터 */
                   INNER JOIN ST_STAFF_MST M2 /* ST_점포근무자정보 */
                      ON M1.ORG_CD   = M2.ORG_CD     /* 조직코드 */
                     AND M1.CO_CD    = M2.CO_CD      /* 회사코드 */
                   INNER JOIN SS_SYSUSER_MST M3 /* SS_시스템사용자관리 */
                      ON M2.USER_ID  = M3.USER_ID            /* 사용자ID */
                     AND M3.USE_STOP_YN = '0' 
             WHERE M1.BIZLOC_CD = ?         /* 사업장코드 */
               AND M1.CO_CD     = ?         /* 회사코드 */
    	]]>
  	</query>
  
  	<!-- 10. 직원 권한그룹마스터(글로벌) -->
  	<query name="SEL_STBDM311AT">
    	<![CDATA[
		    SELECT STR_AUTH_GRP_CD             AS STAFF_AUTH_GROUP  --직원권한그룹
		         , STR_AUTH_GRP_NM             AS STAFF_AUTH_GROUP_NM  --직원권한그룹명
		      FROM ST_STRAUTHGRP_MST  --직원권한그룹마스터
		     WHERE CO_CD = ?
		     ORDER BY STR_AUTH_GRP_CD ASC
    	]]>
  	</query>
  
  	<!-- 10. 직원 권한마스터(글로벌) -->
  	<query name="SEL_STBDM312AT">
    	<![CDATA[
		    SELECT STR_AUTH_GRP_CD             AS STAFF_AUTH_GROUP  --직원권한그룹
		         , HNDL_KEY_VAL                AS SFKC_KEY  --조작키값
		         , POS_MGR_AUTH_TP             AS MANAGER_AUTH_CHECK  --관리자권한체크 (‘0’ : 미체크,  ‘1’ : 체크)
		      FROM ST_STRAUTH_MST  --직원권한마스터
		     WHERE CO_CD = ?
		     ORDER BY STR_AUTH_GRP_CD ASC, HNDL_KEY_VAL ASC
    	]]>
  	</query>
  
  	<!-- 1. 공통코드 마스터(글로벌) -->
  	<query name="SEL_STBDM350AT">
    	<![CDATA[
		    SELECT LNG_TP                      AS COUNTRY_CD
				     , COM_GRP_CD                  AS COMM_CD_CAT
				     , COM_CD                      AS COMM_CD
				     , DSP_SEQ                     AS PRT_ORDER
				     , ITM_NM                      AS COMM_CD_CONT
				     , WRD_VAL_01                  AS VALUE
				  FROM VW_CM_COMDTL
				 WHERE CO_CD = ?
				   AND USE_YN = '1'
				 ORDER BY LNG_TP ASC, COM_GRP_CD ASC, DSP_SEQ ASC
    	]]>
  	</query>
  
  	<!-- 2. 메시지 마스터(글로벌)(New BO 시스템에서는 사용안함. 350AT로 대체함) -->
  	<query name="SEL_STBDM910AT">
    	<![CDATA[
		    SELECT LNG_TP                      AS COUNTRY_CD
		         , POS_MSG_NO                  AS MSG_ID
		         , POS_MSG_TP                  AS MSG_TYPE_ID
		         , POS_MSG_VAL                 AS MESSAGE
		      FROM ST_POSMSG_MST
		     WHERE CO_CD = ?
		     ORDER BY LNG_TP ASC, POS_MSG_NO ASC
    	]]>
  	</query>
  
  	<!-- 4. 문화 마스터(글로벌) -->
  	<query name="SEL_STBDM920AT">
		<![CDATA[
		    SELECT LNG_TP                       AS CULTURE_ID  --문화코드
		         , CTU_NM                       AS CULTURE_NM  --문화명
		         , DT_FMT                       AS DATE_PATTERN  --날짜형식
		         , MONY_SYMB                    AS CURRENCY_SYMBOL  --화폐기호
		         , MONY_NM                      AS CURRENCY_NM  --화폐명
		         , DCM_DGT                      AS DECIMAL_DIGITS  --소숫점자리수
		         , DCM_SYMB                     AS DECIMAL_SYMBOL  --소숫점기호
		         , GRPNG_DGT                    AS GROUPING_DIGITS  --그룹핑자리수
		         , GRPNG_SYMB                   AS GROUPING_SYMBOL  --그룹핑기호
		      FROM ST_POSCTU_MST A  --문화마스터
		     WHERE CO_CD = ?
		     ORDER BY LNG_TP ASC, CTU_NM ASC
	 	]]>
	</query>
	
  	<!-- 6. 세금 마스터(글로벌) -->
  	<query name="SEL_STBDM930AT">
		<![CDATA[
		    SELECT M2.LNG_TP                    AS COUNTRY_CD  --국가코드
		         , M1.TAX_INFO_CD               AS TAX_ID  --세금코드
		         , M1.TAX_INFO_NM               AS TAX_NM  --세금명
		         , M1.TAX_APPLY_TP              AS FLAG  --세금구분(T:금액,F:퍼센트)
		         , M1.RT_AMT                    AS AMT_OR_PERC  --금액또는퍼센트
		      FROM HQ_TAXINFO_MST M1  --세금정보마스터
		        INNER JOIN SS_COINFO_MST M2  --사이트정보마스터
		           ON  M1.CO_CD = M2.CO_CD  --회사코드
		     WHERE M1.CO_CD = ?
		       AND TO_CHAR(SYSDATE, 'YYYYMMDD') BETWEEN M1.APPLY_ST_DT AND M1.APPLY_ED_DT
		       AND M1.USE_YN = '1'  --사용여부
		     ORDER BY M2.LNG_TP ASC, M1.TAX_INFO_CD ASC
	 	]]>
	</query>

  	<!-- 14. POS 마스터(글로벌) -->
  	<query name="SEL_STBDM640AT">
    	<![CDATA[
            SELECT A.BIZLOC_CD                    AS STORE_CD  --점포코드
                 , B.POS_NO                       AS POS_NO  --POS번호
                 , B.POS_NO                       AS POS_NM  --POS명
                 , B.POS_OPT_GRP_CD               AS POS_OPTION  --POS옵션그룹
                 , B.POS_KIND_TP                  AS POS_HW_ID  --POS장비구분
                 , B.HNDL_BTN_GRP_CD              AS OP_BUTTON_GROUP --조작버튼 유형그룹
                 , B.BILL_GRP_CD                  AS RECEIPT_FORMAT_GROUP --영수증 유형그룹
                 , B.COOK_PRTER_GRP_CD            AS KPS_FORMAT_GROUP --주방프린터 유형그룹
                 , B.BALP_PRT_GRP_CD              AS ACCOUNT_SLIP_FORMAT_GROUP --정산지 유형그룹
                 , B.POS_KEY_GRP_CD               AS POS_KEY_GROUP --POSKEY그룹
                 , B.CASHRCPT_SELF_APPR_NO		  AS CASHRCPT_APPRNO --현금영수증 승인번호 자체발번
              FROM HQ_BIZLOC_MST A  --사업장마스터
                INNER JOIN ST_POS_MST B --POS마스터
                   ON A.CO_CD = B.CO_CD
                  AND A.ORG_CD = B.ORG_CD
             WHERE A.BIZLOC_CD = ?
               AND A.CO_CD = ?
               AND B.USE_YN = '1'
             ORDER BY A.BIZLOC_CD ASC, B.POS_NO ASC
    	]]>
  	</query>

  	<!-- 15. POS옵션 마스터(글로벌) -->
  	<query name="SEL_STBDM650AT">
    	<![CDATA[
            SELECT B.POS_NO                       AS POS_NO  --점포코드
                 , C.POS_OPT_CD                   AS OPTION_CD  --옵션코드
                 , CASE 
                       WHEN C.POS_OPT_VAL = '' THEN C.SEL_YN
                       WHEN NVL(C.POS_OPT_VAL, '') = '' THEN C.SEL_YN
                       WHEN C.POS_OPT_VAL IS NULL THEN C.SEL_YN 
                       ELSE C.POS_OPT_VAL 
                   END       				 	  AS OPTION_VAL  --옵션값(옵션값이 있으면 옵션값을 없으면 선택여부값을 넣음)
                 , NVL(D.POS_OPT_NM,'')           AS OPTION_NM  --옵션명
                 , D.POS_OPT_DSCRT                AS OPTION_DESC  --옵션설명
              FROM HQ_BIZLOC_MST A  --사업장마스터
                   INNER JOIN ST_POS_MST B --POS마스터
                      ON B.ORG_CD = A.ORG_CD
                     AND B.CO_CD = A.CO_CD
                   INNER JOIN ST_POSOPTGRP_MAP C --POS옵션그룹매핑마스터
                      ON C.POS_OPT_GRP_CD = B.POS_OPT_GRP_CD
                     AND C.CO_CD = B.CO_CD
                   LEFT OUTER JOIN ST_POSOPT_NMG D --POS옵션명
                     ON D.POS_OPT_CD = C.POS_OPT_CD
                    AND D.CO_CD = C.CO_CD
                    AND D.LNG_TP = A.LNG_TP
             WHERE A.BIZLOC_CD = ?
               AND A.CO_CD = ?
               AND B.USE_YN = '1'
             ORDER BY A.BIZLOC_CD ASC, B.POS_NO ASC
    	]]>
  	</query>

  	<!-- 15. POS설정정보 마스터(글로벌) -->
  	<query name="SEL_STBDM660AT">
    	<![CDATA[
            SELECT ST.POS_NO			AS POS_NO                   --POS번호
		         , ST.FC_INFO_TP        AS SETTING_ITEM_CLASS_TYPE  --가맹정보구분<B170>
		         , ST.PROP_CD           AS SETTING_ITEM_CD          --속성코드
		         , ST.PROP_VAL          AS SETTING_ITEM_VAL         --속성명
		         , ST.PROP_NM           AS SETTING_ITEM_NM          --속성값
		         , ST.INPUT_TP          AS SETTING_INPUT_TYPE       --입력구분<F035>
		         , ''                   AS COM_GROUP_CD             --통합그룹코드
		      FROM ST_STRFCINFO_MGR ST
		           INNER JOIN HQ_BIZLOC_MST HQ
		              ON ST.CO_CD = HQ.CO_CD
		             AND ST.ORG_CD = HQ.ORG_CD
		     WHERE 1 = 1
		       AND HQ.BIZLOC_CD = ?
		       AND HQ.CO_CD = ?
    	]]>
  	</query>

  	<!-- 15. 단축키 마스터(글로벌) -->
  	<query name="SEL_STBDM661AT">
    	<![CDATA[
	        SELECT B.HOTKEY_NO                    AS PRESET_KEY  --단축키번호
	             , C.PLU_CD                       AS PLU_CD  --PLU코드
	          FROM HQ_BIZLOC_MST A  --사업장마스터
	               INNER JOIN ST_POSHOTKEY_MST B  --단축키마스터
	                  ON B.ORG_CD = A.ORG_CD
	                 AND B.CO_CD = A.CO_CD
	               INNER JOIN ST_STRGDS_TSK C  --점포상품마스터
	                  ON C.ORG_CD = B.ORG_CD
	                 AND C.ITEM_CD = B.ITEM_CD
	                 AND C.CO_CD = B.CO_CD
	         WHERE A.BIZLOC_CD = ?
	           AND A.CO_CD = ?
	           AND B.USE_YN = '1'
	         ORDER BY B.HOTKEY_NO ASC     
    	]]>
  	</query>

  	<!-- 15. 사유 마스터(글로벌) -->
  	<query name="SEL_STBDM662AT">
    	<![CDATA[
		    SELECT LNG_TP                         AS COUNTRY_ID  --국가코드
		         , POS_RSN_TP                     AS REASON_TY  --사유구분
		         , POS_RSN_CD                     AS REASON_CD  --사유코드
		         , POS_RSN_NM                     AS REASON_NM  --사유명
		      FROM ST_POSRSN_MST  --사유마스터
		     WHERE CO_CD = ?
		       AND USE_YN = '1'
		     ORDER BY LNG_TP ASC, POS_RSN_TP ASC, POS_RSN_CD ASC
    	]]>
  	</query>

	<!-- 3. 메뉴헤더마스터(정시) -->
	<query name="SEL_STBDM150AT">
    	<![CDATA[
            SELECT B.FFPLU_GRP_CD                 AS MENU_CD  --메뉴코드
                 , B.FFPLU_CLSS_NM                AS MENU_NM  --메뉴명
                 , '0'                            AS BACK_COLOR  --배경색
                 , B.WRD_COLR_VAL                 AS FONT_COLOR  --글자색
                 , B.FONT_SIZE_VAL                AS FONT_SIZE  --글자크기
                 , B.FONT_NM_VAL                  AS FONT_NM  --글자폰트명
                 , B.USE_YN                       AS USE_FLAG  --사용여부
                 , B.FFPLU_GRP_SEQ                AS DISPLAY_SEQ  --표시순서
                 , B.SAL_TP_TP                    AS SALE_TYPE  --판매유형
              FROM HQ_BIZLOC_MST A  --사업장마스터
                   INNER JOIN ST_FFPLUGRP_MST B  --FFPLU그룹마스터(메뉴헤더마스터)
                      ON B.ORG_CD = A.ORG_CD
                     AND B.CO_CD = A.CO_CD
             WHERE A.BIZLOC_CD = ?
               AND A.CO_CD = ?
               AND B.USE_YN = '1'
            UNION ALL  
            SELECT SG.SIDE_GRP_CD                 AS MENU_CD  -- [PK] 사이드그룹코드
                 , SG.SIDE_GRP_NM                 AS MENU_NM  -- 사이드그룹명
                 , '0'                            AS BACK_COLOR -- 배경색
                 , 0                              AS FONT_COLOR -- 글자색
                 , 0                              AS FONT_SIZE -- 글자크기
                 , TO_NCHAR(' ')                  AS FONT_NM  -- 글자폰트명
                 , '2'                            AS USE_FLAG  -- 사용여부
                 , '1'                            AS DISPLAY_SEQ -- 표시순서
                 , '1'                            AS SALE_TYPE -- 판매유형
              FROM HQ_SIDEGRP_HDR SG  -- HQ_사이드그룹헤더
             WHERE SG.SIDE_GRP_TP               = '1'
               AND SG.CO_CD                     = ?
             ORDER BY MENU_CD
    	]]>
  	</query>
  
  	<!-- 3. 메뉴버튼마스터(정시) -->
  	<query name="SEL_STBDM151AT">
    	<![CDATA[
            SELECT B.FFPLU_GRP_CD                 AS MENU_CD  --메뉴코드
                 , B.FFPLU_SEQ                    AS SEQ_NO  --일련번호
                 , B.MENU_ATTR_TP                 AS MENU_TYPE  --메뉴유형(01:상품, 07:콤보상품, 07:명령어)
                 , CASE B.MENU_ATTR_TP 
                       WHEN '01' THEN TO_NCHAR(C.PLU_CD) 
                       WHEN '04' THEN TO_NCHAR(C.PLU_CD) 
                       ELSE B.MENU_BTN_KEY_VAL 
                   END                            AS TYPE_CD  --유형코드
                 , CASE B.MENU_ATTR_TP 
                       WHEN '07' THEN B.MENU_BTN_KEY_TP 
                       ELSE '-1' 
                   END                            AS KEY_CD  --키값
                 , B.MENU_BTN_KEY_NM              AS TEXT_NM  --키명
                 , '0'                            AS UP_BACK_COLOR  --배경색(UP)
                 , '0'                            AS DOWN_BACK_COLOR  --배경색(DOWN)
                 , B.MENU_BTN_COLR_TP             AS UP_BACK_IMAGE  --배경이미지(UP)
                 , ' '                            AS DOWN_BACK_IMAGE  --배경이미지(DOWN)
                 , B.WRD_COLR_VAL                 AS FONT_COLOR  --폰트색
                 , B.FONT_NM_VAL                  AS FONT_NM  --폰트명
                 , B.FONT_SIZE_VAL                AS FONT_SIZE  --폰트크기
                 , '0'                            AS X_POINT  --X좌표
                 , '0'                            AS Y_POINT  --Y좌표
                 , '0'                            AS WIDTH  --넓이
                 , '0'                            AS HEIGHT  --높이
                 , B.FFPLU_DESI_DSP_TP            AS DISP_FLAG  --표시구분
                 , ' '                            AS DISP_TYPE  --표시형태
                 , B.USE_YN                       AS USE_FLAG  --사용여부
                 ,'0'                             AS BASE_GDS_YN  --기준상품여부(0:기준상품아님, 1:기준상품)
                 ,'0'                             AS CHANGE_ENABLE_YN  --변경가능여부(0:변경불가, 1:변경가능)
              FROM HQ_BIZLOC_MST A  --사업장마스터
                   INNER JOIN ST_FFPLUGDS_MST B  --FFPLU상품마스터(메뉴헤더마스터)
                      ON B.ORG_CD = A.ORG_CD
                     AND B.CO_CD = A.CO_CD
                   LEFT OUTER JOIN HQ_GDS_MST C --상품마스터
                     ON B.CO_CD = C.CO_CD
                    AND B.ITEM_CD = C.ITEM_CD
             WHERE A.BIZLOC_CD = ?
               AND A.CO_CD = ?
               AND B.USE_YN = '1'
            UNION ALL
            SELECT SG.SIDE_GRP_CD                 AS MENU_CD    -- [PK] 사이드그룹코드
                 , SD.SEQ                         AS SEQ     -- [PK] 순번    
                 , '01'                           AS MENU_TYPE   -- 메뉴유형(01:상품, 07:콤보상품, 07:명령어)
                 , TO_NCHAR(GD.PLU_CD)            AS TYPE_CD    -- 상품코드
                 , '-1'                           AS KEY_CD    -- 키값
                 , GD.GDS_NM                      AS TEXT_NM    -- 키명
                 , '0'                            AS UP_BACK_COLOR  -- 배경색(UP)
                 , '0'                            AS DOWN_BACK_COLOR  -- 배경색(DOWN)
                 , ' '                            AS UP_BACK_IMAGE  -- 배경이미지(UP)
                 , ' '                            AS DOWN_BACK_IMAGE  -- 배경이미지(DOWN)
                 , 0                              AS FONT_COLOR   -- 폰트색
                 , TO_NCHAR(' ')                  AS FONT_NM    -- 폰트명
                 , 0                              AS FONT_SIZE   -- 폰트크기
                 , '0'                            AS X_POINT    -- X좌표
                 , '0'                            AS Y_POINT    -- Y좌표
                 , '0'                            AS WIDTH    -- 넓이
                 , '0'                            AS HEIGHT    -- 높이
                 , '0'                            AS DISP_FLAG   -- 표시구분
                 , ' '                            AS DISP_TYPE   -- 표시형태
                 , '1'                            AS USE_FLAG    -- 사용여부
                 , SD.BASE_GDS_YN                 AS BASE_GDS_YN   -- 기준상품여부(0:기준상품아님, 1:기준상품)
                 , SD.CHG_ENBL_YN                 AS CHANGE_ENABLE_YN  -- 변경가능여부(0:변경불가, 1:변경가능)
              FROM HQ_SIDEGRP_HDR SG -- HQ_사이드그룹헤더
                   LEFT OUTER JOIN HQ_SIDEGRP_DTL SD -- HQ_사이드그룹상세
                     ON SD.SIDE_GRP_CD = SG.SIDE_GRP_CD    
                    AND SD.CO_CD       = SG.CO_CD
                   LEFT OUTER JOIN HQ_GDS_MST GD  -- HQ_상품마스터
                     ON GD.CO_CD                     = SD.CO_CD
                    AND GD.ITEM_CD                   = SD.SEL_ITEM_CD
             WHERE SG.SIDE_GRP_TP               = '1'
               AND SG.CO_CD                     = ?
             ORDER BY MENU_CD ASC, SEQ_NO ASC
    	]]>
  	</query>
  
  	<!-- 3. 선택수정자마스터(정시) -->
  	<query name="SEL_STBDM152AT">
    	<![CDATA[
            SELECT SG.SIDE_GRP_CD               AS MODIFIER_CD                  
                 , SD.SEQ                       AS SEQ_NO      
                 , SG.SIDE_GRP_NM               AS MODIFIER_NM                  
                 , '03'                         AS MODIFIER_TYPE
                 , GM.PLU_CD                    AS TYPE_CD                      
              FROM HQ_SIDEGRP_HDR SG  /* HQ_사이드그룹헤더 */
                   INNER JOIN HQ_SIDEGRP_DTL SD  /* HQ_사이드그룹상세 */
                      ON SD.SIDE_GRP_CD   = SG.SIDE_GRP_CD          /* [PK] 사이드그룹코드  */
                     AND SD.CO_CD         = SG.CO_CD                /* [PK] 회사코드  */
                   LEFT OUTER JOIN HQ_GDS_MST GM  /* HQ_상품마스터 */
                     ON SD.CO_CD   = GM.CO_CD                 /* [PK] 회사코드 VARCHAR(10) */
                    AND SD.SEL_ITEM_CD = GM.ITEM_CD               /* [PK] 품목코드 VARCHAR(30) */  
             WHERE SG.SIDE_GRP_TP = '2'  /* 사이드그룹구분<F037>  */
               AND SG.CO_CD   = ?   /* [PK] 회사코드  */     
             ORDER BY SG.SIDE_GRP_CD, SD.SEQ   
    	]]>
  	</query>
  
  	<!-- 3. 콤보마스터(정시) -->
  	<query name="SEL_STBDM154AT">
    	<![CDATA[
            SELECT B.PLU_CD              AS PLU_CD  --상품코드
                 , A.SEQ                 AS SEQ_NO  --일련번호
                 , A.GRP_ITEM_TP         AS COMBO_TYPE  --콤보유형(01:상품, 02:메뉴)
                 , CASE 
                       WHEN A.GRP_ITEM_TP = '01' THEN 
                           (SELECT GDS_CD FROM HQ_GDS_MST WHERE CO_CD = A.CO_CD AND ITEM_CD = A.CPNT_ITEM_CD)
                       ELSE '' 
                   END                   AS CHILD_PLU_CD  --자식상품코드
                 , CASE 
                       WHEN A.GRP_ITEM_TP = '02' THEN A.CPNT_ITEM_CD 
                       ELSE '' 
                   END                   AS CHILD_MENU_CD  --자식메뉴코드
              FROM HQ_SETGDS_MST A  --세트상품마스터
                   INNER JOIN HQ_GDS_MST B  --상품마스터
                      ON A.CO_CD = B.CO_CD
                     AND A.ITEM_CD = B.ITEM_CD
             WHERE A.CO_CD = ?
             ORDER BY A.ITEM_CD ASC, A.SEQ ASC
    	]]>
  	</query>
  
  	<!-- 3. 조작버튼그룹마스터(정시) -->
  	<query name="SEL_STBDM156AT">
    	<![CDATA[
		    SELECT HNDL_BTN_GRP_CD                AS OP_BUTTON_GROUP  --조작버튼그룹코드
		         , HNDL_BTN_GRP_NM                AS OP_BUTTON_GROUP_NM  --조작버튼그룹명
		      FROM ST_HNDLBTNGRP_MST  --조작버튼그룹마스터
		     WHERE CO_CD = ?
		     ORDER BY HNDL_BTN_GRP_CD
    	]]>
  	</query>

  	<!-- 3. 조작버튼설정마스터(정시) -->
  	<query name="SEL_STBDM157AT">
    	<![CDATA[
	    SELECT A.HNDL_BTN_GRP_CD                AS OP_BUTTON_GROUP  --조작버튼그룹코드
	         , A.HNDL_BTN_TP                    AS OP_BUTTON_FLAG  --조작버튼구분
	         , A.HNDL_BTN_SEQC                  AS SEQ_NO  --조작버튼순서
	         , A.HNDL_KEY_VAL                   AS SFKC_KEY  --조작키값
	         , ' '                              AS SFKC_KEY_NM  --조작키명 (ST_SFKC_MST 에 존재하나 현재 무시)
	         , A.BTN_BACK_FILE_TP               AS BACK_IMAGE  --배경이미지 (0~9)
	         , A.WRD_COLR_VAL                   AS FONT_COLOR  --글자색
	         , C.ITM_NM                         AS FONT_NM  --폰트명
	         , A.FONT_SIZE_VAL                  AS FONT_SIZE  --폰트크기
	         , A.HNDL_BTN_OPT_1                 AS OPTION1  --옵션1
	         , A.HNDL_BTN_OPT_2                 AS OPTION2  --옵션2
	         , A.HNDL_BTN_OPT_3                 AS OPTION3  --옵션3
	         , A.HNDL_BTN_OPT_4                 AS OPTION4  --옵션4
	         , A.HNDL_BTN_OPT_5                 AS OPTION5  --옵션5
	         , A.HNDL_BTN_OPT_6                 AS OPTION6  --옵션6
	         , A.HNDL_BTN_OPT_7                 AS OPTION7  --옵션7
	         , A.HNDL_BTN_OPT_8                 AS OPTION8  --옵션8
	         , A.HNDL_BTN_OPT_9                 AS OPTION9  --옵션9
	         , A.HNDL_BTN_OPT_10                AS OPTION10  --옵션10
	         , A.HNDL_BTN_OPT_11                AS OPTION11  --옵션11
	         , A.HNDL_BTN_OPT_12                AS OPTION12  --옵션12
	         , A.HNDL_BTN_OPT_13                AS OPTION13  --옵션13
	         , A.HNDL_BTN_OPT_14                AS OPTION14  --옵션14
	         , A.HNDL_BTN_OPT_15                AS OPTION15  --옵션15
	         , A.HNDL_BTN_OPT_16                AS OPTION16  --옵션16
	         , A.HNDL_BTN_OPT_17                AS OPTION17  --옵션17
	         , A.HNDL_BTN_OPT_18                AS OPTION18  --옵션18
	         , A.HNDL_BTN_OPT_19                AS OPTION19  --옵션19
	         , A.HNDL_BTN_OPT_20                AS OPTION20  --옵션20
	      FROM ST_HNDLBTNSETT_MST A  --조작버튼설정마스터
	           INNER JOIN SS_COINFO_MST B  --사이트정보마스터
	              ON A.CO_CD = B.CO_CD  --회사코드
	           LEFT OUTER JOIN VW_CM_COMDTL C  --통합코드상세
	             ON A.CO_CD = C.CO_CD
	            AND B.LNG_TP = C.LNG_TP  --국가별언어
	            AND C.COM_GRP_CD = 'F137'
	            AND A.FONT_NM_VAL_TP = C.COM_CD
	     WHERE A.CO_CD = ?
	     ORDER BY A.HNDL_BTN_GRP_CD ASC, A.HNDL_BTN_TP ASC, A.HNDL_BTN_SEQC ASC
    	]]>
  	</query>

 	<!-- 3. SFKC키마스터(정시) -->
  	<query name="SEL_STBDM158AT">
    	<![CDATA[
		    SELECT LNG_TP                         AS COUNTRY_CD  --국가코드
		         , HNDL_KEY_VAL                   AS SFKC_KEY  --조작키값
		         , HNDL_KEY_NM                    AS SFKC_KEY_NM  --조작키명
		         , SFKC_KEY_TP                    AS SFKC_KEY_TYPE  --키유형
		         , SAL_WFAC_YN                    AS SALE_WAIT_FLAG  --판매대기
		         , GDS_REGNG_YN                   AS SALING_FLAG  --상품등록중
		         , PAY_WFAC_YN                    AS PAY_WAIT_FLAG  --결제대기
		         , PAYNG_YN                       AS PAYING_FLAG  --결제중
		      FROM ST_SFKCKEY_MST  --SFKC키마스터
		     WHERE CO_CD = ?
		     ORDER BY LNG_TP, HNDL_KEY_VAL
    	]]>
  	</query>

  	<!-- 10. 점포사원 마스터(글로벌) -->
  	<query name="SEL_STBDM310AT">
    	<![CDATA[
		    SELECT USER_ID
		         , STORE_CD
		      FROM STBDM310AT
		     ORDER BY STORE_CD, USER_ID
    	]]>
  	</query>

  	<!-- 11. 신용카드 마스터(글로벌) -->
  	<query name="SEL_STBDM470AT">
    	<![CDATA[
		    SELECT BIN_SNO
		         , BIN_ENO
		         , DIGIT_CNT
		         , CARD_CORP_CD
		         , CARD_CORP_NM
		      FROM STBDM470AT
		     ORDER BY BIN_SNO ASC, BIN_ENO ASC
    	]]>
  	</query>

  	<!-- 12. 쿠폰 마스터(글로벌) -->
  	<query name="SEL_STBDM620AT">
    	<![CDATA[
		    SELECT CPN_ID
		         , CPN_NM
		         , CPN_TY
		         , CPN_AMT
		         , USE_ST_DT
		         , USE_EN_DT
		         , CPN_DISC
		      FROM STBDM620AT
		     ORDER BY CPN_ID ASC
    	]]>
  	</query>

  	<!-- 13. 상품권 마스터(글로벌) -->
  	<query name="SEL_STBDM630AT">
    	<![CDATA[
		    SELECT GIFT_CD
		         , GIFT_TY
		         , GIFT_FLAG
		         , GIFT_NM
		         , GIFT_PREFIX
		         , GIFT_AMT
		         , VALID_DT
		         , CUST_CD
		         , POSSIBLE_RATE
		      FROM STBDM630AT
		     ORDER BY GIFT_CD ASC, GIFT_TY ASC, GIFT_FLAG ASC
    	]]>
  	</query>

	<!-- 3. 폼 마스터(글로벌) -->
	<query name="SEL_STBDM911AT">
		<![CDATA[
			SELECT COUNTRY_CD
	         	 , FORM_PATTERN
			     , FORM_ID
			     , FORM_TYPE
			     , FORM_NM
			     , FORM_INFO
			  FROM STBDM911AT
			 ORDER BY COUNTRY_CD ASC, FORM_ID ASC, FORM_TYPE ASC
	 	]]>
	</query>

	<!-- 5. 금종 마스터(글로벌) -->
	<query name="SEL_STBDM921AT">
		<![CDATA[
			SELECT CULTURE_ID
	         	 , CGBN
	         	 , CCODE
			     , SEQ
			     , MONEY
			     , MONEY_DSCP
			  FROM STBDM921AT
			 ORDER BY CULTURE_ID ASC, SEQ ASC
	 	]]>
	</query>
	
	<!-- 캐시비 발행사정보 -->
  	<query name="SEL_STBDM670AT">
    	<![CDATA[
	        SELECT DT.PBCO_CNTL_ID                 AS PBCO_ID                      
		         , DT.PBCO_NM                      AS PBCO_NM                      
		         , DT.PBCO_KEY_VER                 AS PBCO_KEY_VER                 
		         , DT.PBCO_KEY_VAL                 AS PBCO_KEY_VAL                 
		         , DT.RECHG_FEE_RT_VAL             AS RECHG_FEE_RT                 
		         , DT.BUY_FEE_RT_VAL               AS BUY_FEE_RT                   
		         , DT.RFU_VAL                      AS RFU_VAL                      
		         , DT.REPAY_FEE                    AS REPAY_FEE                    
		         , DT.PENAL_AMT                    AS PENAL_AMT                    
		         , DT.SAM_TP                       AS SAM_TP                       
		         , DT.RECHG_ENBL_YN                AS RECHG_ENBL_YN                
		         , DT.BUY_ENBL_YN                  AS BUY_ENBL_YN                  
		         , DT.REPAY_ENBL_YN                AS REPAY_ENBL_YN               
		         , DT.ROBB_LOST_SEAH_YN            AS ROBB_LOST_SEAH_YN            
		         , DT.REPAY_MAX_AMT                AS REPAY_MAX_AMT                
		         , DT.ELE_MONYCO_ID                AS ELE_MONYCO_ID                
		         , DT.CARD_MAX_RECHG_AMT           AS CARD_MAX_RECHG_AMT           
		         , DT.ONCE_MAX_RECHG_AMT           AS ONCE_MAX_RECHG_AMT           
		      FROM (
		            SELECT MAX(DT.CO_CD)                   AS CO_CD                        
		                 , MAX(DT.CSB_VER)                 AS CSB_VER                      
		              FROM ST_CSBPBCOINFO_HDR DT  
		             WHERE 1 = 1 
		               AND DT.CO_CD     = ?                
		               AND DT.APPLY_DTM <= ?    
		           ) DH
		           INNER JOIN ST_CSBPBCOINFO_DTL DT  
		              ON DT.CSB_VER   = DH.CSB_VER   
		             AND DT.CO_CD     = DH.CO_CD
    	]]>
  	</query>
  	
  	<!-- 한페이 발행사정보 -->
  	<query name="SEL_STBDM671AT">
  		<![CDATA[
 	  		SELECT PBCO_CD
 	       		 , TMNAL_ID
 	    	  FROM ST_HANPYPBCO_MST
 	   		 WHERE 1 = 1
 	     	   AND CO_CD = ?
  		]]>
  	</query>
  
  	<!-- 티머니 발행사제어정보 -->
  	<query name="SEL_STBDM680AT">
    	<![CDATA[
	        SELECT PBCO_ID
	             , PBCO_FNC_DEFINE_VAL
	          FROM ST_TMONYPBCOCNTL_MST
	         WHERE CO_CD = ?
	           AND APPLY_DTM <= FN_DATETIME2STR()
    	]]>
  	</query>
  
  	<!-- 카드BIN 마스터(행사, 신세계포인트) -->
  	<query name="SEL_STBDM480AT">
    	<![CDATA[
	        SELECT PREFIX_ST_NO
	             , PREFIX_END_NO
	             , PREFIX_TP
	             , CARD_ISUCO_TP
	             , CARD_PAY_TP
	             , CARD_TP_TP
	          FROM ST_PREFIX_MST
	         WHERE CO_CD = ?
    	]]>
  	</query>
  
  	<!-- 위해상품 마스터 -->
  	<query name="SEL_STBDM490AT">
    	<![CDATA[
	        SELECT NX.CO_CD                         AS CO_CD                /* 회사코드  */
	             , GD.PLU_CD                        AS HARM_PLU             /* 상품바코드  */
	             , NVL(MAX(NX.MAKE_VEN),'')         AS MAKE_CMP             /* 제조업체  */
	             , NVL(MAX(NX.MAKE_DT),'')          AS MAKE_DT              /* 제조일자  */
	             , NVL(MAX(NX.CIRC_TMLMT_VAL),'')   AS EXP_DT               /* 유통기한  */
	             , NVL(MAX(NX.NOX_RSN),'')          AS HARM_REASON          /* 위해사유  */
	             , NVL(MAX(NX.ANCEORG),'')          AS NOTI_PL              /* 고시처  */
	             , NVL(MAX(NX.ANCE_DT),'')          AS NOTI_DT              /* 고시일시  */
	          FROM HQ_NOXGDS_MGR NX  /* HQ_유해상품관리 */
	         INNER JOIN HQ_GDS_MST GD  /* HQ_상품마스터 */
	            ON NX.ITEM_CD   = GD.ITEM_CD    /* 품목코드 VARCHAR2(30) */
	           AND NX.CO_CD     = GD.CO_CD      /* 회사코드 VARCHAR2(10) */
	         WHERE 1 = 1 
	           AND NX.CO_CD     = ?             /* 회사코드  */
	           AND GD.PLU_CD    IS NOT NULL     /* PLU코드  */
	         GROUP BY NX.CO_CD, GD.PLU_CD
    	]]>
  	</query>
  
  	<!-- POSKEY그룹마스터 -->
  	<query name="SEL_STBDM280AT">
    	<![CDATA[
	        SELECT POS_KEY_GRP_CD
	             , POS_KEY_GRP_NM
	             , POS_KEYBD_EQUIP_CD
	          FROM ST_POSKEYGRPMST
	         WHERE CO_CD = ?
    	]]>
  	</query>
  
  	<!-- POSKEY마스터 -->
  	<query name="SEL_STBDM281AT">
    	<![CDATA[
	        SELECT POS_KEY_GRP_CD
	             , SCAN_KEY_VAL
	             , HNDL_KEY_VAL
	          FROM ST_POSKEYMST
	         WHERE CO_CD = ?
    	]]>
  	</query>

  	<!-- 마스터그룹코드 목록 조회 -->
  	<query name="SEL_MSTGRPLIST">
    	<![CDATA[
      		SELECT DISTINCT DSTB_MST_GRP_CD     AS MST_GRP_CD
		 	  FROM ST_DSTBMSTSETTGRP_DTL
	   	     WHERE CO_CD = ?
	   		 ORDER BY MST_GRP_CD
    	]]>
  	</query>
  	
  	<!-- 마스터그룹코드의 해당 테이블 조회 -->
  	<query name="SEL_TBLBELONGTOMSTGRP_EX">
    	<![CDATA[
      		SELECT DB_TBL_NM           AS TBL_NM
		   		 , DB_TBL_DSCRT        AS TBL_DSCRT
			  FROM ST_DSTBMSTSETTGRP_DTL
	   		 WHERE DSTB_MST_GRP_CD = ?
		 	   AND CO_CD = ?
    	]]>
  	</query>
  	
  	<!-- 배포마스터설정그룹헤더 조회 -->
  	<query name="SEL_MSTGRPSETT_EX">
    	<![CDATA[
      		SELECT CTOR_MK_COND_TP                AS CONDITION_TP
           		 , USE_YN                         AS USE_YN
        	  FROM ST_DSTBMSTSETTGRP_HDR
       	 	 WHERE DSTB_MST_GRP_CD = ?
         	   AND CO_CD = ?
    	]]>
  	</query>
  	
  	<!-- 배포마스터변경이력 조회 -->
  	<query name="SEL_MSTGRPCHG_EX">
	    <![CDATA[
	      	SELECT MAX(CHG_DT)          AS CHG_DT
	           	 , DSTB_MST_GRP_CD      AS DSTB_MST_GRP_CD
	          FROM ST_DSTBMSTCHG_HIS
	         WHERE 1 = 1
	           AND BIZLOC_ORG_CD IN (?, '%')
	           AND DSTB_MST_GRP_CD = ?
	           AND CO_CD = ?
	         GROUP BY DSTB_MST_GRP_CD
	    ]]>
  	</query>
  	
  	<!--  긴급배포(전체)마스터그룹 조회 -->
  	<query name="SEL_UGTMSTGRPALL">
    <![CDATA[
	      SELECT DISTINCT B.DSTB_MST_GRP_CD   AS MST_GRP_CD
				     , A.DB_TBL_NM                  AS TBL_NM
				     , A.DB_TBL_DSCRT               AS TBL_DSCRT
			FROM ST_DSTBMSTSETTGRP_DTL A
			     INNER JOIN STBDA120AT B
			        ON A.CO_CD = B.COM_CD
			       AND A.DSTB_MST_GRP_CD = B.DSTB_MST_GRP_CD
		   WHERE B.TRANS_YMD = ?
			 AND B.STORE_CD = ?
			 AND B.TRANS_ID = 'MST'
			 AND B.COM_CD = ?
			 AND B.URGENT_YN = ?
			 AND B.TRANS_VER = ?
		   ORDER BY MST_GRP_CD ASC
    ]]>
  </query>
</sql-resource>