<?xml version="1.0" encoding="utf-8"?>
<sql-resource key="pdainq-sql">
	<query name="SEL_STBDM300AT">
	<![CDATA[	
		SELECT	TOP 1 USER_ID	
			  , USER_PW
			  ,	USER_NM
			  ,	USER_TY
	  	  FROM 	STBDM300AT WITH(NOLOCK)
		 WHERE 	USER_ID = ? 
		]]>
	</query>
	
	<query name="SEL_STBDM010AT">
	<![CDATA[	
		SELECT	TOP 1 PLU_CD	
			  , ITEM_SNM
	  	  FROM 	STBDM010AT WITH(NOLOCK)
		 WHERE 	PLU_CD = ? 
		]]>
	</query>
	
	<query name="SEL_STBDM130AT">
	<![CDATA[
		  SELECT STORE.PLU_CD
		       , PLU.ITEM_SNM
			   , STORE.ITEM_PRICE
			   , (SELECT '('+CATE_ID+')'+CATE_NAME FROM STBDM051AT WITH(NOLOCK) WHERE CATE_ID = PLU.CATE_ID) CATE
			   , (SELECT '('+GRP_ID+')'+GRP_NAME FROM STBDM052AT WITH(NOLOCK) WHERE GRP_ID = PLU.GRP_ID) GRP
			   , (SELECT '('+SGRP_ID+')'+SGRP_NAME FROM STBDM053AT WITH(NOLOCK) WHERE SGRP_ID = PLU.SGRP_ID) SGRP
			   , PLU.COLOR
			   , PLU.SIZE
		    FROM STBDM130AT STORE WITH(NOLOCK)
		    LEFT JOIN STBDM010AT PLU WITH(NOLOCK) ON (STORE.PLU_CD = PLU.PLU_CD)
		   WHERE STORE.STORE_CD = ?
		     AND STORE.PLU_CD = ?
		]]>
	</query>
	
	<query name="SEL_CUST_STBDM180AT">
	<![CDATA[
		SELECT	A.CUST_CODE
			  , A.CUST_NAME
			  ,	A.O_DATE
			  ,	A.O_SEQUENCE
		  FROM	(
				SELECT	DTL.CUST_CD AS CUST_CODE
					  , CUST.cust_nm AS CUST_NAME
					  ,	DTL.OUT_DT AS O_DATE
					  ,	DTL.OUT_SEQ AS O_SEQUENCE
				  FROM	STPOA010AT DTL WITH(NOLOCK)
						JOIN STBDM180AT CUST WITH(NOLOCK)
						ON (CUST.cust_cd = DTL.CUST_CD AND ISNULL(CUST.cust_id, '') != '')
				 WHERE	DTL.OUT_FLAG = '021'
				   AND	DTL.CUST_DELV_FLAG = 'Y'
				   AND	DTL.CHECK_FLAG = 'N'
				   AND	ISNULL(DTL.CUST_CD, '') != ''
			  GROUP BY	DTL.CUST_CD
					  , CUST.cust_nm
					  ,	DTL.OUT_DT
					  ,	DTL.OUT_SEQ
			 UNION ALL
				SELECT	DTL.CUST_CD AS CUST_CODE
					  , CUST.cust_nm AS CUST_NAME
					  , DTL.BALJU_DT AS O_DATE
					  ,	DTL.BALJU_NO AS O_SEQUENCE
				  FROM	STPOA010AT DTL WITH(NOLOCK)
						JOIN STBDM180AT CUST WITH(NOLOCK) ON (CUST.cust_cd = DTL.CUST_CD AND ISNULL(CUST.cust_id, '') = '')
				 WHERE	DTL.OUT_FLAG = '021'
				   AND	DTL.CUST_DELV_FLAG = 'Y'
				   AND	DTL.CHECK_FLAG = 'N'
				   AND	ISNULL(DTL.CUST_CD, '') != ''
			  GROUP BY	DTL.CUST_CD
					  , CUST.cust_nm
					  , DTL.BALJU_DT
					  ,	DTL.BALJU_NO
				) A
		 WHERE	A.O_DATE = ?
		]]>
	</query>
	
	<query name="SEL_WH_STBDM180AT">
	<![CDATA[
		SELECT	DTL.OUT_DT AS O_DATE
			  , DTL.OUT_SEQ AS O_SEQUENCE
		  FROM	STPOA010AT DTL WITH(NOLOCK)
		 WHERE	DTL.OUT_FLAG = '021'
		   AND	DTL.CUST_DELV_FLAG = 'N'
		   AND	DTL.CHECK_FLAG = 'N'
		   AND	DTL.OUT_DT = ?
	  GROUP BY  DTL.OUT_DT
	          , DTL.OUT_SEQ
		]]>
	</query>
	
	<query name="SEL_CUST_STPOA010AT">
	<![CDATA[
		SELECT	A.CUST_CODE
			  , A.CUST_NAME
			  ,	A.O_DATE
			  ,	A.O_SEQUENCE
			  ,	A.REQUEST_DATE
			  ,	A.REQUEST_SEQUENCE
			  ,	A.REG_SEQUENCE
			  ,	A.PRODUCT_CODE
			  ,	A.PRODUCT_NAME
			  ,	A.PLAN_QTY
		  FROM	(
				SELECT	DTL.CUST_CD 	AS CUST_CODE 
					  , CUST.cust_nm 	AS CUST_NAME
					  ,	DTL.OUT_DT 		AS O_DATE
					  ,	DTL.OUT_SEQ 	AS O_SEQUENCE
					  ,	DTL.OUT_REQ_DT 	AS REQUEST_DATE
					  ,	DTL.OUT_REQ_SEQ AS REQUEST_SEQUENCE
					  ,	DTL.REG_SEQ 	AS REG_SEQUENCE
					  ,	DTL.ORI_BARCODE	AS PRODUCT_CODE
					  ,	DTL.BARCODE_NM 	AS PRODUCT_NAME
					  ,	DTL.PLAN_QTY 	AS PLAN_QTY
				  FROM	STPOA010AT DTL WITH(NOLOCK)
						LEFT JOIN STBDM180AT CUST WITH(NOLOCK) ON (CUST.cust_cd = DTL.CUST_CD AND ISNULL(CUST.cust_id, '') != '')
				 WHERE	DTL.OUT_FLAG = '021'
				   AND	DTL.CUST_DELV_FLAG = 'Y'
				   AND	DTL.CHECK_FLAG = 'N'
				   AND	ISNULL(DTL.CUST_CD, '') != ''
			  GROUP BY	DTL.CUST_CD
					  , CUST.cust_nm
					  ,	DTL.OUT_DT
					  ,	DTL.OUT_SEQ
					  ,	DTL.OUT_REQ_DT
					  ,	DTL.OUT_REQ_SEQ
					  ,	DTL.REG_SEQ
					  ,	DTL.PRODUCT_CD
					  , DTL.ORI_BARCODE
					  , DTL.BARCODE_NM
					  ,	DTL.PLAN_QTY
			 UNION ALL
				SELECT	DTL.CUST_CD 	AS CUST_CODE
					  , CUST.cust_nm 	AS CUST_NAME
					  ,	DTL.BALJU_DT 	AS O_DATE
					  ,	DTL.BALJU_NO 	AS O_SEQUENCE
					  ,	DTL.OUT_REQ_DT 	AS REQUEST_DATE
					  ,	DTL.OUT_REQ_SEQ AS REQUEST_SEQUENCE
					  ,	DTL.REG_SEQ 	AS REG_SEQUENCE
					  ,	DTL.ORI_BARCODE	AS PRODUCT_CODE
					  ,	DTL.BARCODE_NM 	AS PRODUCT_NAME
					  ,	DTL.PLAN_QTY 	AS PLAN_QTY
				  FROM	STPOA010AT DTL WITH(NOLOCK)
						LEFT JOIN STBDM180AT CUST WITH(NOLOCK) ON (CUST.cust_cd = DTL.CUST_CD AND ISNULL(CUST.cust_id, '') = '')
				 WHERE	DTL.OUT_FLAG = '021'
				   AND	DTL.CUST_DELV_FLAG = 'Y'
				   AND 	DTL.CHECK_FLAG = 'N'
				   AND	ISNULL(DTL.CUST_CD, '') != ''
			  GROUP BY	DTL.CUST_CD
					  , CUST.cust_nm
					  ,	DTL.BALJU_DT
					  ,	DTL.BALJU_NO
					  ,	DTL.OUT_REQ_DT
					  ,	DTL.OUT_REQ_SEQ
					  ,	DTL.REG_SEQ
					  ,	DTL.PRODUCT_CD
					  , DTL.ORI_BARCODE
					  , DTL.BARCODE_NM
					  ,	DTL.PLAN_QTY
				) A
		 WHERE	A.O_DATE = ?
		   AND	A.CUST_CODE = ?
		   AND	A.O_SEQUENCE = ?
		]]>
	</query>
	
	<query name="SEL_WH_STPOA010AT">
	<![CDATA[
		SELECT	DTL.OUT_DT 		AS O_DATE
			  , DTL.OUT_SEQ 	AS O_SEQUENCE
			  ,	DTL.OUT_REQ_DT 	AS REQUEST_DATE
			  ,	DTL.OUT_REQ_SEQ AS REQUEST_SEQUENCE
			  ,	DTL.REG_SEQ 	AS REG_SEQUENCE
			  ,	DTL.ORI_BARCODE	AS PRODUCT_CODE
			  ,	DTL.BARCODE_NM	AS PRODUCT_NAME
			  ,	DTL.PLAN_QTY 	AS PLAN_QTY
		  FROM	STPOA010AT DTL WITH(NOLOCK)
		 WHERE 	DTL.OUT_FLAG = '021'
		   AND	DTL.CUST_DELV_FLAG = 'N'
		   AND	DTL.CHECK_FLAG = 'N'
		   AND	DTL.OUT_DT = ?
		   AND	DTL.OUT_SEQ = ?
		]]>
	</query>
	
	<query name="INS_STPOA020AT">
	<![CDATA[
		INSERT INTO STPOA020AT (
				  OUT_FLAG
				, OUT_REQ_DT
				, OUT_REQ_SEQ
				, REG_SEQ
				, CUST_DELV_FLAG
				, OUT_DT
				, OUT_SEQ
				, CUST_CD
				, PRODUCT_CD
				, STORE_CHECK_DT
				, STORE_CHECK_QTY
				, STORE_CHECK_ID
				, SEND_FLAG
				, SC_RCV_YMDHMS
				)
		VALUES (
				  '021'
				, ?
				, ?
				, ?
				, ?
				, ?
				, ?
				, ?
				, ?
				, ?
				, ?
				, ?
				, 'N'
				, CONVERT(varchar,Getdate(),120)
				)			
		]]>
	</query>
	
	<query name="UPD_STPOA010AT">
	<![CDATA[
		UPDATE STPOA010AT
		   SET CHECK_FLAG = 'Y'
		     , CHECK_YMDHMS = CONVERT(varchar,Getdate(),120)
		 WHERE OUT_FLAG = '021'
		   AND OUT_REQ_DT = ?
		   AND OUT_REQ_SEQ = ?
		   AND REG_SEQ = ?
		]]>
	</query>	
	
	<query name="INS_STPOA030AT">
	<![CDATA[
		INSERT INTO STPOA030AT (
				  DATE
				, STORE_CD
				, PRODUCT_CD
				, REAL_STK_QTY
				, INS_CD
				, INS_YMDHMS
				, SEND_FLAG
				)
		VALUES (
				  ?
				, ?
				, ?
				, ?
				, ?
				, CONVERT(varchar,Getdate(),120)
				, 'N'
				)			
		]]>
	</query>
	
</sql-resource>