<?xml version="1.0" encoding="utf-8"?>
<sql-resource key="pos-sql">
	<query name="SEL_PARCELCD_CHK">
		<![CDATA[
			SELECT TRAN_YMD
			  FROM STTRP170DT
			 WHERE 1 = 1
			   AND STORE_CD = ?
			   AND PARCEL_CD = ?
			   AND COM_CD = ?
			   AND PARCEL_CMP_TP = ? --20170829 한진택배서비스추가 KSN
		]]>
	</query>
	
	<!-- 20170929 한진택배 운송장번호 중복체크로직 개선(전점기준 중복운송장번호 체크) -->
	<query name="SEL_HJPARCELCD_CHK">
		<![CDATA[
			SELECT TRAN_YMD
			  FROM STTRP170DT
			 WHERE 1 = 1
			   AND PARCEL_CD = ?
			   AND COM_CD = ?
			   AND PARCEL_CMP_TP = ? --20170829 한진택배서비스추가 KSN
		]]>
	</query>
	
	<query name="UPD_PARCELSVC_CPL">
		<![CDATA[
			UPDATE STTRP170DT
			   SET PROC_ID = DECODE(PROC_ID, '3', '4', '1', '2')
			     , PROC_YMDHMS = FN_DATETIME2STR()
			 WHERE 1 = 1
			   AND STORE_CD = ?
			   AND PARCEL_CD = TRIM(?)
			   AND COM_CD = ?
		]]>
	</query>
	<query name="SEL_PARCELSVC_LIST">
		<![CDATA[
			SELECT PARCEL_CD        AS PARCEL_CD
			     , PAYMENT_TP       AS PAYMENT_TP
			     , BASE_AMT         AS BASE_AMT
			     , PERRY_RTS_AMT    AS PERRY_RTS_AMT
			  FROM STTRP170DT DT
			  	   INNER JOIN STTRP110DT HD
                      ON HD.TRAN_YMD = DT.TRAN_YMD
                     AND HD.STORE_CD = DT.STORE_CD
                     AND HD.POS_NO = DT.POS_NO
                     AND HD.TRAN_NO = DT.TRAN_NO
                     AND HD.COM_CD = DT.COM_CD
			 WHERE 1 = 1
			   AND DT.TRAN_YMD >= TO_CHAR(SYSDATE - 14, 'YYYYMMDD')
			   AND DT.STORE_CD = ?
			   AND DT.COM_CD = ?
			   AND DT.PROC_ID IN ('1', '3')		-- 송신완료 AND 집하미완료되고대사완료
			   AND DT.PARCEL_CMP_TP = ? 		-- 20170816 KSN 한진택배서비스 추가
			   AND HD.TRAN_TYPE = '0'
			   AND HD.RFND_YN IS NULL
		]]>
	</query>
	
	<!-- 20170822 한진택배서비스추가 -->
	<query name="SEL_HJ_PARCELSVC_LIST">
		<![CDATA[
			SELECT PARCEL_CD        AS PARCEL_CD
			     , PAYMENT_TP       AS PAYMENT_TP
			     , BASE_AMT         AS BASE_AMT
			     , PERRY_RTS_AMT    AS PERRY_RTS_AMT
			     , ITEM_EXT_AMT		AS ITEM_EXT_AMT
			  FROM STTRP170DT DT
			  	   INNER JOIN STTRP110DT HD
                      ON HD.TRAN_YMD = DT.TRAN_YMD
                     AND HD.STORE_CD = DT.STORE_CD
                     AND HD.POS_NO = DT.POS_NO
                     AND HD.TRAN_NO = DT.TRAN_NO
                     AND HD.COM_CD = DT.COM_CD
			 WHERE 1 = 1
			   AND DT.TRAN_YMD >= TO_CHAR(SYSDATE - 14, 'YYYYMMDD')
			   AND DT.STORE_CD = ?
			   AND DT.COM_CD = ?
			   AND DT.PROC_ID IN ('1', '3')		-- 송신완료 AND 집하미완료되고대사완료
			   AND DT.PARCEL_CMP_TP = ? 		--20170816 KSN 한진택배서비스 추가
			   AND HD.TRAN_TYPE = '0'
			   AND HD.RFND_YN IS NULL
		]]>
	</query>
	
	<query name="SEL_POSSETT_INFO">
		<![CDATA[
			SELECT A.SETT_ITM_VAL       AS VAN_ID       -- VAN ID
			     , B.SETT_ITM_VAL       AS VAN_TID      -- VAN TID
			     , C.SETT_ITM_VAL       AS TM_FCSTR_ID  -- 티머니가맹점번호
			     , D.SETT_ITM_VAL       AS TM_TID       -- 티머니TID
			  FROM ST_POSSETT_MGR A
			     , ST_POSSETT_MGR B
			     , ST_POSSETT_MGR C
			     , ST_POSSETT_MGR D
			 WHERE 1 = 1
			   AND D.ORG_CD = C.ORG_CD
			   AND C.ORG_CD = B.ORG_CD
			   AND B.ORG_CD = A.ORG_CD
			   AND A.ORG_CD = ?
			   AND D.POS_NO = C.POS_NO
			   AND C.POS_NO = B.POS_NO
			   AND B.POS_NO = A.POS_NO
			   AND A.POS_NO = ?
			   AND A.SETT_ITM_CLSS_TP = '14'
			   AND B.SETT_ITM_CLSS_TP = '14'
			   AND C.SETT_ITM_CLSS_TP = '30'
			   AND D.SETT_ITM_CLSS_TP = '30'
			   AND A.SETT_ITM_CD = '0001'
			   AND B.SETT_ITM_CD = '0004'
			   AND C.SETT_ITM_CD = '0020'
			   AND D.SETT_ITM_CD = '0021'
			   AND D.CO_CD = C.CO_CD
			   AND C.CO_CD = B.CO_CD
			   AND B.CO_CD = A.CO_CD
			   AND A.CO_CD = ?
		]]>
	</query>
	<query name="UPD_PDAEMERGTRN_HDR">
		<![CDATA[
			UPDATE HQ_PDAEMGTRN_HDR
			   SET PROC_ID = '1'
			 WHERE 1 = 1
			   AND TRAN_DT = ?
			   AND BIZLOC_ORG_CD = ?
			   AND PDA_NO = ?
			   AND TRAN_NO = ?
			   AND CO_CD = ?
		]]>
	</query>
	<query name="SEL_PDAEMERGTRN_HDR">
		<![CDATA[
			SELECT SUBSTR(HD.BIZLOC_ORG_CD, 4, 5)       AS STORE_CD
			     , HD.TRAN_DT                           AS TRAN_DT
			     , HD.PDA_NO                            AS PDA_NO
			     , HD.TRAN_NO                           AS TRAN_NO
			     , HD.TOT_SALE_AMT                      AS TOT_SALE_AMT
			  FROM HQ_PDAEMGTRN_HDR HD
			 WHERE 1 = 1
			   AND HD.TRAN_DT BETWEEN TO_CHAR(SYSDATE - 15, 'YYYYMMDD') AND TO_CHAR(SYSDATE, 'YYYYMMDD') 
			   AND HD.BIZLOC_ORG_CD = ?
			   AND HD.CO_CD = ?
			   AND HD.PROC_ID = '0'
		]]>
	</query>
	<query name="SEL_PDAEMERGTRN_DTL">
		<![CDATA[
			SELECT DT.ITEM_SEQ				AS ITEM_SEQ
			     , DT.PLU_CD				AS PLU_CD
			     , DT.SALE_QTY				AS SALE_QTY
			  FROM HQ_PDAEMGTRN_DTL DT
			 WHERE 1 = 1
			   AND DT.TRAN_DT = ?
			   AND DT.BIZLOC_ORG_CD = ?
			   AND DT.PDA_NO = ?
			   AND DT.TRAN_NO = ?
			   AND DT.CO_CD = ?
		]]>
	</query>
	<query name="UPD_PDAEMERGTRN_HDR">
		<![CDATA[
			UPDATE HQ_PDAEMGTRN_HDR
			   SET PROC_ID = '1'
			     , PROC_YMDHMS = FN_DTM()
			 WHERE 1 = 1
			   AND TRAN_DT BETWEEN TO_CHAR(SYSDATE - 15, 'YYYYMMDD') AND TO_CHAR(SYSDATE, 'YYYYMMDD') 
			   AND BIZLOC_ORG_CD = ?
			   AND CO_CD = ?
			   AND PROC_ID = '0'
		]]>
	</query>
  <query name="SEL_STRSTOCKNOW_ITEM">
    <![CDATA[
      SELECT NVL(NSTCK_QTY, 0)  AS NSTCK_QTY1
			  FROM ST_STRSTCKNOW_MGR SH
			 WHERE 1 = 1
			   AND SH.ORG_CD    = ?
			   AND SH.CO_CD     = ?
			   AND SH.ITEM_CD   = TRIM(?)
    ]]>
  </query>
  <query name="SEL_STRSTOCKNOW_CIGAR">
    <![CDATA[
      SELECT SH1.DOME_TBC   AS NSTCK_QTY1
           , SH2.FOR_TBC    AS NSTCK_QTY2
			  FROM (
			        SELECT NVL(SUM(NSTCK_QTY), 0)   AS DOME_TBC
			          FROM ST_STRSTCKNOW_MGR SH
			               INNER JOIN
			                    HQ_GDS_MST GM
			                    ON GM.ITEM_CD   = SH.ITEM_CD
			                    AND GM.CO_CD    = SH.CO_CD
			         WHERE 1 = 1
			           AND SH.ORG_CD    = ?
			           AND SH.CO_CD     = ?
			           AND GM.CATE_CD   LIKE '113143%'
			       ) SH1
			       ,
			       (
			       SELECT NVL(SUM(NSTCK_QTY), 0)   AS FOR_TBC
			         FROM ST_STRSTCKNOW_MGR SH
			              INNER JOIN
			                   HQ_GDS_MST GM
			                   ON GM.ITEM_CD   = SH.ITEM_CD
			                   AND GM.CO_CD    = SH.CO_CD
			        WHERE 1 = 1
			          AND SH.ORG_CD    = ?
			          AND SH.CO_CD     = ?
			          AND GM.CATE_CD   LIKE '113151%'
			       ) SH2
    ]]>
  </query>
  <query name="SEL_SALEONCREDIT_MLTCUST_INQ">
    <![CDATA[
      SELECT A.CREDIT_CUST_SEQ_NO   AS CREDIT_CUST_SEQ_NO
           , B.CREDIT_CUST_IDNT_NO  AS CREDIT_CUST_IDNT_NO
           , A.CREDIT_REM_AMT       AS CREDIT_REM_AMT
           , B.CREDIT_CUST_TP       AS CREDIT_CUST_TP
           , B.CREDIT_CUST_INFO     AS CREDIT_CUST_INFO
        FROM HQ_STRCREDITCUSTINFO_MST A
          INNER JOIN HQ_STRCREDITCUSTIDNT_MGR B
             ON B.CO_CD = A.CO_CD
            AND B.BIZLOC_ORG_CD = A.BIZLOC_ORG_CD
            AND B.CREDIT_CUST_IDNT_NO = A.CREDIT_CUST_IDNT_NO
            AND B.USE_YN = '1'
       WHERE A.BIZLOC_ORG_CD = ?
         AND A.CO_CD = ?
         AND '0' = ?
         AND B.CREDIT_CUST_IDNT_NO LIKE '%' || TRIM(?) || '%'
      UNION
      SELECT A.CREDIT_CUST_SEQ_NO   AS CREDIT_CUST_SEQ_NO
           , B.CREDIT_CUST_IDNT_NO  AS CREDIT_CUST_IDNT_NO
           , A.CREDIT_REM_AMT       AS CREDIT_REM_AMT
           , B.CREDIT_CUST_TP       AS CREDIT_CUST_TP
           , B.CREDIT_CUST_INFO     AS CREDIT_CUST_INFO
        FROM HQ_STRCREDITCUSTINFO_MST A
          INNER JOIN HQ_STRCREDITCUSTIDNT_MGR B
             ON B.CO_CD = A.CO_CD
            AND B.BIZLOC_ORG_CD = A.BIZLOC_ORG_CD
            AND B.CREDIT_CUST_IDNT_NO = A.CREDIT_CUST_IDNT_NO
            AND B.USE_YN = '1'
       WHERE A.BIZLOC_ORG_CD = ?
         AND A.CO_CD = ?
         AND '1' = ?
         AND B.CREDIT_CUST_INFO LIKE '%' || TRIM(?) || '%'
      UNION
      SELECT A.CREDIT_CUST_SEQ_NO   AS CREDIT_CUST_SEQ_NO
           , B.CREDIT_CUST_IDNT_NO  AS CREDIT_CUST_IDNT_NO
           , A.CREDIT_REM_AMT       AS CREDIT_REM_AMT
           , B.CREDIT_CUST_TP       AS CREDIT_CUST_TP
           , B.CREDIT_CUST_INFO     AS CREDIT_CUST_INFO
        FROM HQ_STRCREDITCUSTINFO_MST A
          INNER JOIN HQ_STRCREDITCUSTIDNT_MGR B
             ON B.CO_CD = A.CO_CD
            AND B.BIZLOC_ORG_CD = A.BIZLOC_ORG_CD
            AND B.CREDIT_CUST_IDNT_NO = A.CREDIT_CUST_IDNT_NO
            AND B.USE_YN = '1'
       WHERE A.BIZLOC_ORG_CD = ?
         AND A.CO_CD = ?
         AND ? NOT IN ('0', '1')
         AND A.CREDIT_CUST_SEQ_NO LIKE '%' || TRIM(?) || '%'
    ]]>
  </query>
  <query name="SEL_CREDITCUSTINFO">
    <![CDATA[
      SELECT A.CREDIT_CUST_SEQ_NO   AS CREDIT_CUST_SEQ_NO
			     , A.CREDIT_REM_AMT       AS CREDIT_REM_AMT
			     , B.CREDIT_CUST_TP       AS CREDIT_CUST_TP
			     , B.CREDIT_CUST_INFO     AS CREDIT_CUST_INFO
			  FROM HQ_STRCREDITCUSTINFO_MST A
			    INNER JOIN HQ_STRCREDITCUSTIDNT_MGR B
			       ON B.CO_CD = A.CO_CD
			      AND B.BIZLOC_ORG_CD = A.BIZLOC_ORG_CD
			      AND B.CREDIT_CUST_IDNT_NO = A.CREDIT_CUST_IDNT_NO
			      AND B.USE_YN = '1'
			 WHERE A.CO_CD = ?
			   AND A.BIZLOC_ORG_CD = ?
			   AND A.CREDIT_CUST_IDNT_NO = ?
    ]]>
  </query>
  
  <!-- 20170905 KSN 한진택배서비스 환불가능여부 추가 -->
  <query name="SEL_PARCEL_RFNDYN_CHK">
		<![CDATA[
			SELECT TRAN_NO
			  FROM STTRP170DT
			 WHERE 1 = 1
			   AND COM_CD = ?
			   AND STORE_CD = ?
			   AND TRAN_NO = ?
			   AND PARCEL_CD = ?
			   AND PROC_ID IN ('2', '4')
		]]>
	</query>


	<!-- 한진택배(라벨송장)추가 START -->
	<!-- 20180201 한진 택배 운송장번호 발행요청/응답, 최종 운송장번호 발행정보 취득 -->
	<query name="SEL_IQ_PARCEL_CD_REQ_LAST_PARCEL_CD">
		<![CDATA[
		    SELECT SEQ_NO
		         , PARCEL_CD
		      FROM CP_PARCELCD_MST
		     WHERE SEQ_NO = ( SELECT MAX(SEQ_NO) FROM CP_PARCELCD_MST )
		]]>
	</query>

	<!-- 20180201 한진 택배 운송장번호 발행요청/응답, 운송장번호 보존 -->
	<query name="INS_IQ_PARCEL_CD_REQ">
		<![CDATA[
            INSERT INTO CP_PARCELCD_MST ( SEQ_NO
                                        , PARCEL_CD
                                        , TRAN_YMD
                                        , STORE_CD
                                        , POS_NO
                                        , TRAN_NO
                                        , REG_YMDHMS
                                        , REG_INQ_TYPE
                                        , MOD_YMDHMS
                                        , MOD_INQ_TYPE )
			                     VALUES ( ( SELECT NVL(MAX(SEQ_NO), -1) + 1 FROM CP_PARCELCD_MST )
			                            , ?
                                        , ?
                                        , ?
                                        , ?
                                        , ?
                                        , TO_CHAR(SYSDATE, 'yyyyMMddHH24MISS')
                                        , 'D8'
                                        , TO_CHAR(SYSDATE, 'yyyyMMddHH24MISS')
                                        , 'D8' )
	
		]]>
	</query>

	<!-- 20180201 한진 택배 운송장번호 발행완료 요청/응답, 운송장번호 발행완료 처리 -->
	<query name="UPD_IQ_PARCEL_CD_FIN">
		<![CDATA[
			UPDATE CP_PARCELCD_MST
			   SET TRAN_YMD = ?
			     , STORE_CD = ?
			     , POS_NO   = ?
			     , TRAN_NO  = ?
				 , MOD_YMDHMS   = TO_CHAR(SYSDATE, 'yyyyMMddHH24MISS')
				 , MOD_INQ_TYPE = 'E1'
			 WHERE PARCEL_CD = ?
		]]>
	</query>

    <!-- 20180201 한진 무인택배 택배 터미널 ID 취득 요청/응답 -->
    <query name="SEL_IQ_P_TERMINAL_REQ">
        <![CDATA[
            SELECT SND.POST_NO               AS SND_POST_NO
                 , SND.TERMINAL_CD           AS SND_TERMINAL_ID
                 , SND.TERMINAL_NM           AS SND_TERMINAL_NM
                 , RCV.POST_NO               AS RCV_POST_NO
                 , RCV.TERMINAL_CD           AS RCV_TERMINAL_ID
                 , RCV.TERMINAL_NM           AS RCV_TERMINAL_NM
                 , RCV.DIVISION_TP           AS DIVISION_TP
                 , RCV.HUB_CD                AS RCV_HUB_CD
                 , RCV.MID_CD                AS RCV_MID_CD
                 , RCV.SUB_CD                AS RCV_SUB_CD
                 , RCV.SALE_CD               AS RCV_SALE_CD
                 , RCV.SALE_NM               AS RCV_SALE_NM
                 , RCV.ES_NM                 AS ES_NAME
                 , RCV.COL_AREA_NM           AS RCV_COL_AREA_NM
                 , CASE WHEN SND.QUICK_AREA = 'Y' AND RCV.QUICK_AREA = 'Y' THEN 'Y' 
                        ELSE 'N' 
                    END                      AS QUICK_YN
                 , CASE WHEN SND.SALE_CD = '7990' AND RCV.SALE_CD = '7990'                                               THEN 0      /* 울릉-울릉 */
                        WHEN SND.SALE_CD = '7990' AND RCV.DIVISION_TP = '9' AND RCV.TERMINAL_CD IN ('610', '611', '612') THEN 13000  /* 울릉-제주도서 */
                        WHEN SND.SALE_CD = '7990' AND RCV.DIVISION_TP = '9'                                              THEN 10000  /* 울릉-도서 */
                        WHEN SND.SALE_CD = '7990' AND RCV.DIVISION_TP = '7'                                              THEN 8000   /* 울릉-제주 */
                        WHEN SND.SALE_CD = '7990'                                                                        THEN 5000   /* 울릉-내륙 */
                        WHEN SND.DIVISION_TP = '7' AND RCV.DIVISION_TP = '7'                                                  THEN 0     /* 제주-제주 */
                        WHEN SND.DIVISION_TP = '7' AND RCV.DIVISION_TP = '9' AND RCV.TERMINAL_CD NOT IN ('610', '611', '612') THEN 8000  /* 제주-도서 */
                        WHEN SND.DIVISION_TP = '7' AND RCV.DIVISION_TP = '9' AND RCV.TERMINAL_CD IN ('610', '611', '612')     THEN 5000  /* 제주-제주도서 */
                        WHEN SND.DIVISION_TP = '7'                                                                            THEN 3000  /* 제주-제주외 */
                        WHEN SND.DIVISION_TP NOT IN ('7', '9') AND RCV.DIVISION_TP = '9' AND RCV.TERMINAL_CD IN ('610', '611', '612') THEN 8000  /* 내륙-제주도서 */
                        WHEN SND.DIVISION_TP NOT IN ('7', '9') AND RCV.DIVISION_TP = '9'                                              THEN 5000  /* 내륙-도서 */
                        WHEN SND.DIVISION_TP NOT IN ('7', '9') AND RCV.DIVISION_TP = '7'                                              THEN 3000  /* 내륙-제주 */
                        ELSE 0  /* 그외 */ 
                    END                      AS PARCEL_TOT_AMT
              FROM ( SELECT 1                AS JOINT_COL
                          , POST_NO
                          , TERMINAL_CD
                          , TERMINAL_NM
                          , SALE_CD
                          , DIVISION_TP
                          , QUICK_AREA
                       FROM CP_HJTERMINAL_MST
                      WHERE POST_NO = ?
                     ) SND
                 , ( SELECT 1                AS JOINT_COL
                          , POST_NO
                          , TERMINAL_CD
                          , TERMINAL_NM
                          , SALE_CD
                          , DIVISION_TP
                          , QUICK_AREA
                          , HUB_CD
                          , MID_CD
                          , SUB_CD
                          , SALE_NM
                          , ES_NM
                          , COL_AREA_NM
                       FROM CP_HJTERMINAL_MST
                      WHERE POST_NO = ?
                   ) RCV
             WHERE SND.JOINT_COL = RCV.JOINT_COL
        ]]>
    </query>

    <!-- 20180222 한진 무인택배 택배전문의 개인정보 보강을 위한 운송장 정보 -->
    <query name="SEL_PARCEL_PRIVATE_INFO">
        <![CDATA[
          SELECT SND_ZIP
        	     , SND_ADD1
        	     , SND_ADD2
        	     , SND_NAME
        	     , SND_TEL
        	     , SND_HPH
        	     , RCV_ZIP
        	     , RCV_ADD1
        	     , RCV_ADD2
        	     , RCV_NAME
        	     , RCV_TEL
        	     , RCV_HPH
        	  FROM CP_PARCEL_RCV_INFO
        	 WHERE PARCEL_CD = ?
          ORDER BY REG_YMDHMS DESC
		]]>
	</query>

    <!-- 20180222 한진 무인택배 택배전문의 개인정보 보강을 위한 운송장 정보 취득시 레코드 플래그 갱신 -->
    <query name="UPD_PARCEL_PRIVATE_INFO_FLAG">
        <![CDATA[
        	UPDATE CP_PARCEL_RCV_INFO
        	   SET PROC_ID    = '1'
        	     , MOD_YMDHMS = TO_CHAR(SYSDATE, 'yyyyMMddHH24MISS')
        	     , MOD_SYS    = 'C4'
             WHERE PARCEL_CD = TRIM(?)
		]]>
	</query>
	
	<!-- 20180316 라벨송장 발번대상확인 -->
    <query name="SEL_LABEL_PARCEL_CHK">
        <![CDATA[
        	SELECT PARCEL_CD
        	  FROM CP_PARCEL_RCV_INFO
        	 WHERE 1 = 1
        	   AND PARCEL_CD = ?
		]]>
	</query>
	<!-- 한진택배(라벨송장)추가 END -->
	
	<!-- 20180326 KSN 비상벨 SMS 추가 START -->
	<query name="SEL_STOREINFO">
        <![CDATA[
        	SELECT BIZLOC_CD AS STORE_CD
     			 , BIZLOC_NM AS STORE_NM
     			 , ADDR_1||' '||ADDR_2||' '||ADDR_3||' '||
       			   CMBO.FN_CRYPTO_DEC(TRIM(DTL_ADDR), 'KEY') AS STORE_ADD
     			 , CMBO.FN_CRYPTO_DEC(TRIM(TEL_NO), 'KEY') AS STORE_TEL
        	  FROM HQM.HQ_BIZLOC_MST
        	 WHERE 1 = 1
        	   AND BIZLOC_CD = ?
		]]>
	</query>
	
	
	<query name="SEL_EMERSMS_SEQ">
        <![CDATA[
        	SELECT SOTP.SEQ_TRAN_NO.NEXTVAL 	AS SEQ
        	  FROM DUAL
		]]>
	</query>
	
	
	<query name="INS_EMERSMS_CLIENT">
		<![CDATA[
            INSERT INTO SOTP.SSG_CLIENT ( TRAN_NO
                                        , COM_CD
                                        , SEQ
                                        , RECIPIENT_ID
                                        , RECIPIENT_NAME
                                        , RECIPIENT_NUM
                                        , CHANGEWORD1
                                        , CHANGEWORD2
                                        , CHANGEWORD3
                                        , CHANGEWORD4
                                        , CHANGEWORD5
                                        , TRAN_RESULT_CODE
                                        , RECV_DATETIME)
			                     VALUES ( ?
			                            , '1002'
                                        , '1'
                                        , 'cms_POSServiceIrt'
                                        , ''
                                        , NVL(REPLACE(REPLACE(?,'.',''),'-',''),'00000000000')
                                        , ''
                                        , ''
                                        , ''
                                        , ''
                                        , ''
                                        , ''
                                        , SYSDATE )
		]]>
	</query>
	
	
	<query name="INS_EMERSMS_SSGTRAN">
		<![CDATA[
            INSERT INTO SOTP.SSG_TRAN (   TRAN_NO
                                        , COM_CD
                                        , SERVICE_TYPE
                                        , CALLBACK
                                        , TRAN_SUBJECT
                                        , TRAN_MESSAGE
                                        , TRAN_COUNT
                                        , TRAN_YN
                                        , TRAN_DATETIME
                                        , FILE_GROUP_KEY
                                        , REMARK
                                        , REG_DATE
                                        , RED_ID
                                        , MOD_DATE
                                        , MOD_ID
                                        , STO_CD)
			                     VALUES ( ?
			                            , '1002'
                                        , ?
                                        , NVL(REPLACE(REPLACE(?,'.',''),'-',''),'00000000000')
                                        , ''
                                        , ?
                                        , '1'
                                        , '1'
                                        , SYSDATE
                                        , ''
                                        , ''
                                        , SYSDATE
                                        , 'cms_POSServiceIrt'
                                        , SYSDATE
                                        , 'cms_POSServiceIrt'
                                        , '300' )
		]]>
	</query>
	
	<!-- 비상벨 SMS 추가 END -->
	
	<!-- PT 출퇴근등록 추가 START -->
	<query name="SEL_PTINFO">
        <![CDATA[
        	SELECT EMP_NO
     			 , DUTY_NM
     			 , ID_TYPE
     			 , DUTY_CD
     			 , EMP_NM
  			  FROM INF.IF_SHRS_EMP
 			 WHERE 1 = 1
   			   AND ID_CARD = TRIM(?)
		]]>
	</query>
	
	
	<query name="SEL_PTPUNCHINFO">
        <![CDATA[
        	SELECT DT
     			 , SV_ID
     			 , REG_DTM
     			 , SV_STRARR_TP
  			  FROM HQM.HQ_SVSTRARR_HIS
 			 WHERE 1 = 1
   			   AND DT = TO_CHAR(SYSDATE, 'YYYYMMDD')
   			   AND SV_ID = ?
   			   AND SV_STRARR_TP = ?
		]]>
	</query>
	<!-- PT 출퇴근등록 추가 END -->
	
	<!-- 리저브점 바리스타 근무여부 값 관리 -->
	<query name="INS_RSVBTPUNCH_INOUT">
		<![CDATA[
			MERGE INTO CP_RSVWORKTP_TBL CRT
			    USING
			        (
			        SELECT ? AS STORE_CD
			             , ? AS WORK_TP
			          FROM DUAL
			        ) PM
			       ON
			        (
			             CRT.STORE_CD                    = PM.STORE_CD
			        )
			WHEN MATCHED THEN
			    UPDATE SET CRT.WORK_TP = PM.WORK_TP
			             , CRT.MOD_ID = 'cms_POSServiceIrt'
                         , CRT.MOD_YMDHMS = FN_DATETIME2STR()
			WHEN NOT MATCHED THEN
			  INSERT
			  (
			     STORE_CD
			   , WORK_TP
			   , REG_ID
			   , REG_YMDHMS
			   , MOD_ID
			   , MOD_YMDHMS
			  )
			  VALUES
			  (
			     PM.STORE_CD
			   , PM.WORK_TP
			   , 'cms_POSServiceIrt'
			   , FN_DATETIME2STR()
			   , 'cms_POSServiceIrt'
			   , FN_DATETIME2STR()
			  )
		]]>
	</query>
	
	
	<query name="SEL_RSVBTPUNCH_INFO">
        <![CDATA[
        	SELECT STORE_CD AS STORE_CD
        	 	 , WORK_TP  AS WORK_TP 
			  FROM CMPS.CP_RSVWORKTP_TBL
			 WHERE 1 = 1
			   AND STORE_CD = TRIM(?)
		]]>
	</query>
	
	<!-- 비상 전문 등록 20180720 JMH -->
	<query name="INS_HQ_EM_SMS_TBL">
		<![CDATA[
         INSERT INTO HQM.HQ_EM_SMS_TBL (  COM_CD    
                                        , TRAN_YMD  
                                        , STORE_CD  
                                        , POS_NO    
                                        , TRAN_NO   
                                        , INQ_TYPE  
                                        , EMER_TP   
                                        , PUSH_SEQ   
                                        , PUSH_MSG  
                                        , PUSH_TP   
                                        , REG_YMDHMS
                                        , REG_EMP_ID
                                        , MOD_YMDHMS
                                        , MOD_EMP_ID
                                        )
			                          VALUES ( 
			                              TRIM(?)  
                                        , TRIM(?) 
                                        , TRIM(?) 
                                        , TRIM(?) 
                                        , TRIM(?) 
                                        , TRIM(?) 
                                        , TRIM(?) 
                                        , TRIM(?) 
                                        , TRIM(?) 
                                        , TRIM(?) 
                                        , FN_DTM()
                                        , TRIM(?) 
                                        , FN_DTM()
                                        , TRIM(?) 
                                        )
		]]>
	</query>
	
	<!-- 비상 전문 등록 실패 메시지 전송 20180720 JMH 전송 그룹 확인 필요.-->
	<query name="PR_SMSSEND_HQM_FALES">
	<![CDATA[
		DECLARE
			v_ERR_NO	VARCHAR2(1000);
			v_ERR_MSG	VARCHAR2(1000);
		BEGIN
			CMBO.PR_SS_SMSSEND_HDR('1002', ?, '0269161473', 'BATCH', 0, 'SND01', TO_CHAR(SYSDATE, 'YYYYMMDD HH24:MI:SS'), ?, v_ERR_NO, v_ERR_MSG);
		END;
	]]>
	</query>
	
	
	
</sql-resource>