<?xml version="1.0" encoding="utf-8"?>
<property-resource key="service-property">
  <!-- 티머니 대표가맹점ID -->
  <property name="TMONEY_FCSTR_ID">
    <![CDATA[3058811]]>
  </property>
  
  <!-- 신세계포인트  대표가맹점ID -->
  <property name="SSGPOINT_FCSTR_ID">
    <![CDATA[B200003371]]>
  </property>
  
  <!-- 신세계통합결제_일반 터미널ID -->
  <property name="SSGPAY_GNRFCSTR_ID">
    <![CDATA[157000000100001]]>
  </property>
  
  <!-- 신세계통합결제_상품권 터미널ID -->
  <property name="SSGPAY_GIFTFCSTR_ID">
    <![CDATA[FM00010772]]>
  </property>
  
  <property name="KEY_DATA">
    <![CDATA[cashgate__withme]]>
  </property>
  
  <property name="IV_DATA">
    <![CDATA[1234567890123456]]>
  </property>
  
  <!-- 레일플러스 가맹점ID -->
  <property name="RAILPLUS_FCSTR_ID">
    <![CDATA[70000015]]>
  </property>
  
  <!-- test 가맹점번호,사업자번호 -->
  <property name="WITHME_FCSTR_NO">
    <![CDATA[100246543]]>
  </property>
  <property name="WITHME_CORP_NO">
    <![CDATA[1058692454]]>
  </property>
  <property name="WITHME_DGB_ID">
    <![CDATA[09100002]]>
  </property>
</property-resource>