<?xml version="1.0" encoding="utf-8"?>
<property-resource key="communication-property">
	<property name="TOTO_FTP_SERVER_IP">
    <![CDATA[202.3.22.13]]>
  </property>
  <property name="TOTO_FTP_SERVER_PORT">
    <![CDATA[1500]]>
  </property>
  <property name="TOTO_FTP_SERVER_ID">
    <![CDATA[ktoto]]>
  </property>
  <property name="TOTO_FTP_SERVER_PWD">
    <![CDATA[ktoto!2#]]>
  </property>

  <property name="HANPAY_BATCH_IP">
    <![CDATA[10.152.100.200]]>
  </property>
  <property name="HANPAY_BATCH_PORT">
    <![CDATA[15573]]>
  </property>
  <property name="HANPAY_COMM_IP">
    <![CDATA[10.152.100.200]]>
  </property>
  <property name="HANPAY_COMM_PORT">
    <![CDATA[27001]]>
  </property>           

  <property name="RAILPLUS_BATCH_IP">
    <![CDATA[10.141.230.61]]>
  </property>
  <property name="RAILPLUS_BATCH_PORT">
    <![CDATA[11178]]>
  </property>
    <property name="RAILPLUS_COMM_IP">
    <![CDATA[10.141.230.61]]>
  </property>
  <property name="RAILPLUS_COMM_PORT">
    <![CDATA[11170]]>
  </property>
  <property name="CASHRCPT_SERVER_IP">
    <![CDATA[174.100.24.93]]>
  </property>
  <property name="CASHRCPT_SERVER_PORT">
    <![CDATA[7801]]>
  </property>
  
  <property name="SSGPOINT_SERVER_IP">
    <![CDATA[174.100.67.174]]>
  </property>
  <property name="SSGPOINT_SERVER_PORT">
    <![CDATA[64000]]>
  </property>
  <property name="SSGPOINT_FTP_SERVER_IP">
    <![CDATA[174.100.67.130]]>
  </property>
  <property name="SSGPOINT_FTP_SERVER_PORT">
    <![CDATA[9119]]>
  </property>
  <property name="SSGPOINT_FTP_SERVER_ID">
    <![CDATA[ftpcnv]]>
  </property>
  <property name="SSGPOINT_FTP_SERVER_PWD">
    <![CDATA[Spoint0201]]>
  </property>

  <property name="SSGPAY_INQSVR_IP">
    <![CDATA[10.253.45.153]]>
  </property>
  <property name="SSGPAY_INQSVR_PORT">
    <![CDATA[7010]]>
  </property>
  <property name="SSGPAY_APPRSVR_IP">
    <![CDATA[10.100.114.21]]>
  </property>
  <property name="SSGPAY_APPRSVR_PORT">
    <![CDATA[7010]]>
  </property>
  <property name="SSGMONEY_APPRSVR_IP">
    <![CDATA[10.253.11.124]]>
  </property>
  <property name="SSGMONEY_APPRSVR_PORT">
    <![CDATA[6000]]>
  </property>
  <property name="SSGMONEY_BANK_APPRSVR_IP">
    <![CDATA[10.253.45.151]]>
  </property>
  <property name="SSGMONEY_BANK_APPRSVR_PORT">
    <![CDATA[7010]]>
  </property>
  <property name="WECHAT_SVR_PORT">
    <![CDATA[6300]]>
  </property>
  
  <property name="SSGMONEY_POSASVR_PORT">
    <![CDATA[7100]]>
  </property>  
  
  <property name="CG_FTP_SERVER_IP">
    <![CDATA[119.207.70.214]]>
  </property>
  <property name="CG_FTP_SERVER_PORT">
    <![CDATA[2121]]>
  </property>
  <property name="CG_FTP_SERVER_ID">
    <![CDATA[withme]]>
  </property>
  <property name="CG_FTP_SERVER_PWD">
    <![CDATA[withme@cash7]]>
  </property>
  
  <property name="BT_FTP_SERVER_IP">
    <![CDATA[]]>
  </property>
  <property name="BT_FTP_SERVER_PORT">
    <![CDATA[]]>
  </property>
  <property name="BT_FTP_SERVER_ID">
    <![CDATA[]]>
  </property>
  <property name="BT_FTP_SERVER_PWD">
    <![CDATA[]]>
  </property>
  
  <property name="MT_FTP_SERVER_IP">
    <![CDATA[]]>
  </property>
  <property name="MT_FTP_SERVER_PORT">
    <![CDATA[]]>
  </property>
  <property name="MT_FTP_SERVER_ID">
    <![CDATA[]]>
  </property>
  <property name="MT_FTP_SERVER_PWD">
    <![CDATA[]]>
  </property>
  
  <property name="TMONEY_BATCH_IP">
    <![CDATA[210.216.95.123]]>
  </property>
  <property name="TMONEY_BATCH_PORT">
    <![CDATA[38300]]>
  </property>
  <property name="TMONEY_COMM_IP">
    <![CDATA[210.216.95.139]]>
  </property>
  <property name="TMONEY_COMM_PORT">
    <![CDATA[5910]]>
  </property>
  <!--20170919 KSN TMONEY 우회IP추가-->
  <property name="TMONEY_COMM_BYPASS_IP">
    <![CDATA[192.168.139.11]]>
  </property>
  <property name="TMONEY_COMM_BYPASS_PORT">
    <![CDATA[5910]]>
  </property>
  <!--20170919 KSN TMONEY 우회IP추가-->
  
  <!--  운영기 
  <property name="CASHBEE_BATCH_IP">
    <![CDATA[58.180.191.106]]>
  </property>
  <property name="CASHBEE_BATCH_PORT">
    <![CDATA[49503]]>
  </property>
  <property name="CASHBEE_COMM_IP">
    <![CDATA[58.180.191.106]]>
  </property>
  <property name="CASHBEE_COMM_PORT">
    <![CDATA[50001]]>
  </property>
  -->
  <property name="CASHBEE_BATCH_IP">
    <![CDATA[58.180.191.60]]>
  </property>
  <property name="CASHBEE_BATCH_PORT">
    <![CDATA[40503]]>
  </property>
  <property name="CASHBEE_COMM_IP">
    <![CDATA[58.180.191.60]]>
  </property>
  <property name="CASHBEE_COMM_PORT">
    <![CDATA[40502]]>
  </property>
  <property name="CJPARCEL_COMM_IP">
    <![CDATA[210.98.159.189]]>
  </property>
  <property name="CJPARCEL_COMM_PORT">
    <![CDATA[8599]]>
  </property>
  <property name="CJPARCEL_FTP_IP">
    <![CDATA[210.98.159.189]]>
  </property>
  <property name="CJPARCEL_FTP_PORT">
    <![CDATA[21]]>
  </property>
  <property name="CJPARCEL_FTP_ID">
    <![CDATA[withme]]>
  </property>
  <property name="CJPARCEL_FTP_PWD">
    <![CDATA[wm0345]]>
  </property>
  <property name="CJPARCEL_PATH">
    <![CDATA[./tsnddat]]>
  </property>
  <property name="STAFFCHK_COMM_IP">
    <![CDATA[174.100.67.91]]> <!-- <![CDATA[10.100.112.131]]>  -->
  </property>
  <property name="STAFFCHK_COMM_PORT">
    <![CDATA[25201]]>
  </property>
  <property name="SCAGENT_COMM_PORT">
    <![CDATA[9019]]>
  </property>
  <property name="SCAGENT_COMM_FLAG">
    <![CDATA[1]]>
  </property>
  <property name="GTF_SERVER_IP">    
	<![CDATA[10.100.112.211]]>     <!-- <![CDATA[121.78.129.235]]>  -->
  </property>
  <property name="GTF_SERVER_PORT">   
    <![CDATA[21005]]> 
  </property>  
    <property name="GTF_FTP_SERVER_IP">   
  <![CDATA[202.3.22.13]]>		<!-- <![CDATA[121.78.129.164]]>  -->
  </property>
  <property name="GTF_FTP_SERVER_PORT">    
    <![CDATA[1500]]>	<!-- <![CDATA[1500]]> -->
  </property> 
    <property name="GTF_FTP_SERVER_ID">
    <![CDATA[taxfree]]>
  </property>
  <property name="GTF_FTP_SERVER_PWD">
    <![CDATA[taxfree!2#]]>
  </property>
   <property name="SMARTCON_FTP_SERVER_IP">   
  <![CDATA[183.111.10.91]]>	
  </property>
  <property name="SMARTCON_FTP_SERVER_PORT">    
    <![CDATA[15021]]>	
  </property> 
    <property name="SMARTCON_FTP_SERVER_ID">
    <![CDATA[withme]]>
  </property>
  <property name="SMARTCON_FTP_SERVER_PWD">
    <![CDATA[smartconwith]]>
  </property>  
  <property name="TelecomKt_apprsvr_IP">
  	<![CDATA[10.217.33.211]]>
  </property>
  <property name="TelecomKt_apprsvr_PORT">
  	<![CDATA[8005]]>
  </property>
<property name="CASHBACK_SERVER_IP">    
	<![CDATA[172.10.13.161]]>     <!-- <![CDATA[121.78.129.235]]>  -->
  </property>
  <property name="CASHBACK_SERVER_PORT">   
    <![CDATA[9001]]> 
  </property>
  <property name="CASHBACK_HANNET_SERVER_IP">    
	<![CDATA[172.16.4.10]]>
  </property>
  <property name="CASHBACK_HANNET_SERVER_PORT">   
    <![CDATA[39701]]>
  <property name="CASHBACK_COMMON_SERVER_IP">    
  </property>   
	<![CDATA[172.16.4.10]]>     <!-- //neo0531  -->
  </property>
  <property name="CASHBACK_COMMON_SERVER_PORT">   
    <![CDATA[39701]]> 
  </property>  
  <property name="CASHBACK_FTP_SERVER_IP">    
    <![CDATA[202.3.22.13]]>
  </property>
  <property name="CASHBACK_FTP_SERVER_PORT">   
    <![CDATA[1500]]>
  </property> 
  <property name="CASHBACK_FTP_SERVER_ID">   
    <![CDATA[ktoto]]> 
  </property>
  <property name="CASHBACK_FTP_SERVER_PWD">   
    <![CDATA[ktoto!2#]]>
  </property>
  <property name="MFC_WEBCASH_SERVER_IP">    
	<![CDATA[183.111.160.143]]>     <!-- <![CDATA[202.3.22.13->10.100.116.146/10.205.0.121->119.205.217.23]]>  -->
  </property>
  <property name="MFC_WEBCASH_SERVER_PORT">   
    <![CDATA[32118]]> 
  </property>  
  
  <property name="MFC_PURMEE_SERVER_IP">    
	<![CDATA[112.175.48.137]]>
  </property>
  <property name="MFC_PURMEE_SERVER_PORT">   
    <![CDATA[22000]]> 
  </property> 
    
  <property name="MFC_FTP_SERVER_IP">    
    <![CDATA[112.175.48.137]]>
  </property>
  <property name="MFC_FTP_SERVER_PORT">   
    <![CDATA[22]]>
  </property>
  <property name="MFC_FTP_SERVER_ID">   
    <![CDATA[withme]]> 
  </property>
  <property name="MFC_FTP_SERVER_PWD">   
    <![CDATA[withme1125!]]>
  </property>
  <property name="DGB_BATCH_IP">
    <![CDATA[218.157.224.193]]>
  </property>
  <property name="DGB_BATCH_PORT">
    <![CDATA[15202]]>
  </property>
  <property name="DGB_COMM_IP">
    <![CDATA[218.157.224.193]]>
  </property>
  <property name="DGB_COMM_PORT">
    <![CDATA[14202]]>
  </property>
  
    <property name="KIS_FTP_SERVER_IP">    
	<![CDATA[210.112.100.98]]>
  </property>
  <property name="KIS_FTP_SERVER_PORT">   
    <![CDATA[22]]>
  </property>
  <property name="KIS_FTP_SERVER_ID">   
    <![CDATA[withme]]> 
  </property>
  <property name="KIS_FTP_SERVER_PWD">   
    <![CDATA[withme01!]]>
  </property>
    <property name="KIS_FTP_ROOT1">   
    <![CDATA[workspace]]>
  </property>
  
  
  
  
  
  
  <property name="DEPLOY_PORT">   
    <![CDATA[9029]]>
  </property>
  
  
  <property name="LOCAL_SERVER_NO">
    <![CDATA[1]]>
  </property>
  <property name="LOCAL_SERVER_WHERE">
    <![CDATA[0]]>
  </property>
  
  <property name="SSGCOUPON_APPRSVR_IP">   
    <![CDATA[10.253.11.124]]>
  </property>  
  <property name="SSGCOUPON_APPRSVR_PORT">
    <![CDATA[6550]]>
  </property>

  <property name="ALIPAY_PLATFORM_SVR_IP">
    <![CDATA[10.253.11.124]]>
  </property>
  <property name="ALIPAY_PLATFORM_SVR_PORT">
    <![CDATA[6900]]>
  </property>

  <property name="HANJIN_COMM_IP">
    <![CDATA[203.251.151.67]]>
  </property>
  <property name="HANJIN_COMM_PORT">
    <![CDATA[7211]]>
  </property>
  <property name="HANJIN_FTP_SERVER_IP">    
	<![CDATA[203.251.151.67]]>
  </property>
  <property name="HANJIN_FTP_SERVER_PORT">   
    <![CDATA[22]]>
  </property>
  <property name="HANJIN_FTP_SERVER_ID">   
    <![CDATA[EMART24T]]> 
  </property>
  <property name="HANJIN_FTP_SERVER_PWD">   
    <![CDATA[EMART241708]]>
  </property>
    <property name="CBIC_FTP_SERVER_IP">    
    <![CDATA[202.3.22.13]]>
  </property>
  <property name="CBIC_FTP_SERVER_PORT">   
    <![CDATA[1500]]>
  </property>     
  <property name="CBIC_FTP_SERVER_ID">   
    <![CDATA[ichannet]]> 
  </property>
  <property name="CBIC_FTP_SERVER_PWD">   
    <![CDATA[iHan@24net]]>
  </property>
  
  <property name="PURCARD_FTP_SERVER_IP">    
    <![CDATA[202.3.22.13]]>
  </property>
  <property name="PURCARD_FTP_SERVER_PORT">   
    <![CDATA[1500]]>
  </property>     
  <property name="PURCARD_FTP_SERVER_ID">   
    <![CDATA[samsung]]> 
  </property>
  <property name="PURCARD_FTP_SERVER_PWD">   
    <![CDATA[Samsung@24#]]>
  </property>
  
  
</property-resource>
