<?xml version="1.0" encoding="utf-8"?>
<daemon-config>
    <node manager-port="9999">
        
        <engine-container>
            <name>cms_PDACommIf2</name>
            <command-option>-Xms128m -Xmx128m</command-option>
            <type>kr.fujitsu.com.ffw.daemon.net.server.ActionServerContainer</type>
            <action>biz.cms_PDACommIf2.PDACommIFAction2</action>
            <tcp-configuration>
                <accept-time-out>0</accept-time-out>
                <connect-time-out>0</connect-time-out>
                <read-time-out>3000</read-time-out>
            </tcp-configuration>
            <application-port>9020</application-port>
            <container-management>
                <internal-port>14100</internal-port>
                <conditional-management>
                    <value>false</value>
                    <conditional-executor>
                        <type></type>
                        <first-execute-time></first-execute-time>
                        <execute-period></execute-period>
                    </conditional-executor>
                </conditional-management>
            </container-management>
            <socket-filter>biz.comm.COMMHeaderFilter_PDA</socket-filter>
            <access-logger>kr.fujitsu.com.ffw.daemon.net.logger.BasicServerAccessLogger</access-logger>
            <thread-pool>
                <init>1</init>
                <max>1</max>
                <min>1</min>
                <idle>1</idle>
            </thread-pool>
            <engine-attribute>
            </engine-attribute>
        </engine-container>

        <engine-container>
            <name>cms_PDACommIf3</name>
            <command-option>-Xms128m -Xmx128m</command-option>
            <type>kr.fujitsu.com.ffw.daemon.net.server.ActionServerContainer</type>
            <action>biz.cms_PDACommIf3.PDACommIFAction3</action>
            <tcp-configuration>
                <accept-time-out>0</accept-time-out>
                <connect-time-out>0</connect-time-out>
                <read-time-out>3000</read-time-out>
            </tcp-configuration>
            <application-port>9021</application-port>
            <container-management>
                <internal-port>14101</internal-port>
                <conditional-management>
                    <value>false</value>
                    <conditional-executor>
                        <type></type>
                        <first-execute-time></first-execute-time>
                        <execute-period></execute-period>
                    </conditional-executor>
                </conditional-management>
            </container-management>
            <socket-filter>biz.comm.COMMHeaderFilter_PDA</socket-filter>
            <access-logger>kr.fujitsu.com.ffw.daemon.net.logger.BasicServerAccessLogger</access-logger>
            <thread-pool>
                <init>1</init>
                <max>1</max>
                <min>1</min>
                <idle>1</idle>
            </thread-pool>
            <engine-attribute>
            </engine-attribute>
        </engine-container>
        
        <engine-container>
            <name>cms_JournalRcv</name>
            <command-option>-Xms128m -Xmx128m</command-option>
            <type>kr.fujitsu.com.ffw.daemon.net.server.ActionServerContainer</type>
            <action>biz.cms_JournalRcv.JournalRcvAction</action>
            <tcp-configuration>
                <accept-time-out>0</accept-time-out>
                <connect-time-out>0</connect-time-out>
                <read-time-out>3000</read-time-out>
            </tcp-configuration>
            <application-port>9003</application-port>
            <container-management>
                <internal-port>14001</internal-port>
                <conditional-management>
                    <value>false</value>
                    <conditional-executor>
                        <type></type>
                        <first-execute-time></first-execute-time>
                        <execute-period></execute-period>
                    </conditional-executor>
                </conditional-management>
            </container-management>
            <socket-filter>biz.comm.COMMHeaderFilter</socket-filter>
            <access-logger>kr.fujitsu.com.ffw.daemon.net.logger.BasicServerAccessLogger</access-logger>
            <thread-pool>
                <init>5</init>
                <max>30</max>
                <min>5</min>
                <idle>5</idle>
            </thread-pool>
            <engine-attribute>
            </engine-attribute>
        </engine-container>

        <engine-container>
            <name>cms_TranRcv</name> 
            <command-option>-Xms128m -Xmx128m</command-option>
            <type>kr.fujitsu.com.ffw.daemon.net.server.ActionServerContainer</type>
            <action>biz.cms_TranRcv.TranRcvAction</action>
            <tcp-configuration>
                <accept-time-out>0</accept-time-out>
                <connect-time-out>0</connect-time-out>
                <read-time-out>3000</read-time-out>
            </tcp-configuration>
            <application-port>9002</application-port>
            <container-management>
                <internal-port>14002</internal-port>
                <conditional-management>
                    <value>false</value>
                    <conditional-executor>
                        <type></type>
                        <first-execute-time></first-execute-time>
                        <execute-period></execute-period>
                    </conditional-executor>
                </conditional-management>
            </container-management>
            <socket-filter>biz.comm.COMMHeaderFilter</socket-filter>
            <access-logger>kr.fujitsu.com.ffw.daemon.net.logger.BasicServerAccessLogger</access-logger>
            <thread-pool>
                <init>5</init>
                <max>30</max>
                <min>5</min>
                <idle>5</idle>
            </thread-pool>
            <engine-attribute>
            </engine-attribute>
        </engine-container>
        
        <engine-container>
            <name>cms_SysInfoRcv</name>
            <command-option>-Xms128m -Xmx128m</command-option>
            <type>kr.fujitsu.com.ffw.daemon.net.server.ActionServerContainer</type>
            <action>biz.cms_SysInfoRcv.SysInfoRcvAction</action>
            <tcp-configuration>
                <accept-time-out>0</accept-time-out>
                <connect-time-out>0</connect-time-out>
                <read-time-out>3000</read-time-out>
            </tcp-configuration>
            <application-port>9001</application-port>
            <container-management>
                <internal-port>14003</internal-port>
                <conditional-management>
                    <value>false</value>
                    <conditional-executor>
                        <type></type>
                        <first-execute-time></first-execute-time>
                        <execute-period></execute-period>
                    </conditional-executor>
                </conditional-management>
            </container-management>
            <socket-filter>biz.comm.COMMHeaderFilter</socket-filter>
            <access-logger>kr.fujitsu.com.ffw.daemon.net.logger.BasicServerAccessLogger</access-logger>
            <thread-pool>
                <init>5</init>
                <max>30</max>
                <min>5</min>
                <idle>5</idle>
            </thread-pool>
            <engine-attribute>
            </engine-attribute>
        </engine-container>

        <engine-container>
            <name>cms_TranCall</name>
            <command-option>-Xms128m -Xmx128m</command-option>
            <type>kr.fujitsu.com.ffw.daemon.net.server.ActionServerContainer</type>
            <action>biz.cms_TranCall.TranCallAction</action>
            <tcp-configuration>
                <accept-time-out>0</accept-time-out>
                <connect-time-out>0</connect-time-out>
                <read-time-out>3000</read-time-out>
            </tcp-configuration>
            <application-port>9004</application-port>
            <container-management>
                <internal-port>14004</internal-port>
                <conditional-management>
                    <value>false</value>
                    <conditional-executor>
                        <type></type>
                        <first-execute-time></first-execute-time>
                        <execute-period></execute-period>
                    </conditional-executor>
                </conditional-management>
            </container-management>
            <socket-filter>biz.comm.COMMHeaderFilter</socket-filter>
            <access-logger>kr.fujitsu.com.ffw.daemon.net.logger.BasicServerAccessLogger</access-logger>
            <thread-pool>
                <init>5</init>
                <max>30</max>
                <min>5</min>
                <idle>5</idle>
            </thread-pool>
            <engine-attribute>
            </engine-attribute>
        </engine-container>

        <engine-container>
            <name>cms_SSGMbsIrt</name>
            <command-option>-Xms128m -Xmx128m</command-option>
            <type>kr.fujitsu.com.ffw.daemon.net.server.ActionServerContainer</type>
            <action>biz.cms_SSGMbsIrt.SSGMbsIrtAction</action>
            <tcp-configuration>
                <accept-time-out>0</accept-time-out>
                <connect-time-out>0</connect-time-out>
                <read-time-out>5000</read-time-out>
            </tcp-configuration>
            <application-port>9005</application-port>
            <container-management>
                <internal-port>14005</internal-port>
                <conditional-management>
                    <value>false</value>
                    <conditional-executor>
                        <type></type>
                        <first-execute-time></first-execute-time>
                        <execute-period></execute-period>
                    </conditional-executor>
                </conditional-management>
            </container-management>
            <socket-filter>biz.comm.COMMHeaderFilter</socket-filter>
            <access-logger>kr.fujitsu.com.ffw.daemon.net.logger.BasicServerAccessLogger</access-logger>
            <thread-pool>
                <init>5</init>
                <max>30</max>
                <min>5</min>
                <idle>5</idle>
            </thread-pool>
            <engine-attribute>
            </engine-attribute>
        </engine-container>
    
        <engine-container>
            <name>cms_POSIrt</name>
            <command-option>-Xms128m -Xmx128m</command-option>
            <type>kr.fujitsu.com.ffw.daemon.net.server.ActionServerContainer</type>
            <action>biz.cms_POSIrt.POSIrtAction</action>
            <tcp-configuration>
                <accept-time-out>0</accept-time-out>
                <connect-time-out>0</connect-time-out>
                <read-time-out>3000</read-time-out>
            </tcp-configuration>
            <application-port>9006</application-port>
            <container-management>
                <internal-port>14007</internal-port>
                <conditional-management>
                    <value>false</value>
                    <conditional-executor>
                        <type></type>
                        <first-execute-time></first-execute-time>
                        <execute-period></execute-period>
                    </conditional-executor>
                </conditional-management>
            </container-management>
            <socket-filter>biz.comm.COMMHeaderFilter</socket-filter>
            <access-logger>kr.fujitsu.com.ffw.daemon.net.logger.BasicServerAccessLogger</access-logger>
            <thread-pool>
                <init>5</init>
                <max>30</max>
                <min>5</min>
                <idle>5</idle>
            </thread-pool>
            <engine-attribute>
            </engine-attribute>
        </engine-container>

        <engine-container>
            <name>cms_TranDivide</name>
            <command-option>-Xms128m -Xmx128m</command-option>
            <type>kr.fujitsu.com.ffw.daemon.net.polling.ActionPollingContainer</type>
            <action>biz.cms_TranDivide.TranDividePollingAction</action>
            <tcp-configuration>
                <accept-time-out>0</accept-time-out>
                <connect-time-out>0</connect-time-out>
                <read-time-out>0</read-time-out>
            </tcp-configuration>
            <application-port></application-port>
            <container-management>
                <internal-port>14008</internal-port>
                <conditional-management>
                    <value>false</value>
                    <conditional-executor>
                        <type></type>
                        <first-execute-time></first-execute-time>
                        <execute-period></execute-period>
                    </conditional-executor>
                </conditional-management>
            </container-management>
            <socket-filter>kr.fujitsu.com.ffw.daemon.net.filter.BasicByteFilter</socket-filter>
            <access-logger>kr.fujitsu.com.ffw.daemon.net.logger.BasicServerAccessLogger</access-logger>
            <thread-pool>
                <init>1</init>
                <max>1</max>
                <min>1</min>
                <idle>1</idle>
            </thread-pool>
            <engine-attribute>
				        <attribute>
				            <!-- ActionPollingContainer를 사용하기 위해서는 POLLING_PERIOD가 반드시 있어야 합니다.-->
				            <name>POLLING_PERIOD</name>
				            <value>5000</value><!-- 1000 * 5 즉, 5초, 이 컨테이너는 5초에 한번씩 자동합니다. -->
				        </attribute>
                <attribute>
                    <name>ACTION_TIME</name>
                    <value>9999</value><!-- HHMM 시간 지정시 해당 시분에 지정작업을 수행합니다. -->
                </attribute>
            </engine-attribute>
        </engine-container>
        
        <engine-container>
            <name>cms_MasterAgent</name>
            <command-option>-Xms128m -Xmx128m</command-option>
            <type>kr.fujitsu.com.ffw.daemon.net.polling.ActionPollingContainer</type>
            <action>biz.cms_MasterAgent.MasterAgentPollingAction</action>
            <tcp-configuration>
                <accept-time-out>0</accept-time-out>
                <connect-time-out>0</connect-time-out>
                <read-time-out>0</read-time-out>
            </tcp-configuration>
            <application-port></application-port>
            <container-management>
                <internal-port>14009</internal-port>
                <conditional-management>
                    <value>false</value>
                    <conditional-executor>
                        <type></type>
                        <first-execute-time></first-execute-time>
                        <execute-period></execute-period>
                    </conditional-executor>
                </conditional-management>
            </container-management>
            <socket-filter>kr.fujitsu.com.ffw.daemon.net.filter.BasicByteFilter</socket-filter>
            <access-logger>kr.fujitsu.com.ffw.daemon.net.logger.BasicServerAccessLogger</access-logger>
            <thread-pool>
                <init>1</init>
                <max>1</max>
                <min>1</min>
                <idle>1</idle>
            </thread-pool>
            <engine-attribute>
                <attribute>
                    <!-- ActionPollingContainer를 사용하기 위해서는 POLLING_PERIOD가 반드시 있어야 합니다.-->
                    <name>POLLING_PERIOD</name>
                    <value>5000</value><!-- 1000 * 5 즉, 5초, 이 컨테이너는 5초에 한번씩 자동합니다. -->
                </attribute>
                <attribute>
                    <name>ACTION_TIME</name>
                    <value>2330</value><!-- HHMM 시간 지정시 해당 시분에 지정작업을 수행합니다. 9999 지정시 ACTION_TIME 무시되고  POLLING_PERIOD 주기마다 무조건 호출됨 -->
                </attribute>
            </engine-attribute>
        </engine-container>

        <engine-container>
            <name>cms_TMoneyIrt</name>
            <command-option>-Xms128m -Xmx128m</command-option>
            <type>kr.fujitsu.com.ffw.daemon.net.server.ActionServerContainer</type>
            <action>biz.cms_TMoneyIrt.TMoneyIrtAction</action>
            <tcp-configuration>
                <accept-time-out>0</accept-time-out>
                <connect-time-out>0</connect-time-out>
                <read-time-out>0</read-time-out>
            </tcp-configuration>
            <application-port>9012</application-port>
            <container-management>
                <internal-port>14015</internal-port>
                <conditional-management>
                    <value>false</value>
                    <conditional-executor>
                        <type></type>
                        <first-execute-time></first-execute-time>
                        <execute-period></execute-period>
                    </conditional-executor>
                </conditional-management>
            </container-management>
            <socket-filter>biz.comm.COMMHeaderFilter</socket-filter>
            <access-logger>kr.fujitsu.com.ffw.daemon.net.logger.BasicServerAccessLogger</access-logger>
            <thread-pool>
                <init>5</init>
                <max>30</max>
                <min>5</min>
                <idle>5</idle>
            </thread-pool>
            <engine-attribute>
            </engine-attribute>
        </engine-container>

        <engine-container>
            <name>cms_CashBeeIrt</name>
            <command-option>-Xms128m -Xmx128m</command-option>
            <type>kr.fujitsu.com.ffw.daemon.net.server.ActionServerContainer</type>
            <action>biz.cms_CashBeeIrt.CashBeeIrtAction</action>
            <tcp-configuration>
                <accept-time-out>0</accept-time-out>
                <connect-time-out>0</connect-time-out>
                <read-time-out>3000</read-time-out>
            </tcp-configuration>
            <application-port>9015</application-port>
            <container-management>
                <internal-port>14018</internal-port>
                <conditional-management>
                    <value>false</value>
                    <conditional-executor>
                        <type></type>
                        <first-execute-time></first-execute-time>
                        <execute-period></execute-period>
                    </conditional-executor>
                </conditional-management>
            </container-management>
            <socket-filter>biz.comm.COMMHeaderFilter</socket-filter>
            <access-logger>kr.fujitsu.com.ffw.daemon.net.logger.BasicServerAccessLogger</access-logger>
            <thread-pool>
                <init>5</init>
                <max>30</max>
                <min>5</min>
                <idle>5</idle>
            </thread-pool>
            <engine-attribute>
            </engine-attribute>
        </engine-container>
        
        <engine-container>
            <name>cms_LogManager</name>
            <command-option>-Xms128m -Xmx128m</command-option>
            <type>kr.fujitsu.com.ffw.daemon.net.polling.ActionPollingContainer</type>
            <action>biz.cms_LogManager.LogManagerPollingAction</action>
            <tcp-configuration>
                <accept-time-out>0</accept-time-out>
                <connect-time-out>0</connect-time-out>
                <read-time-out>0</read-time-out>
            </tcp-configuration>
            <application-port></application-port>
            <container-management>
                <internal-port>14019</internal-port>
                <conditional-management>
                    <value>false</value>
                    <conditional-executor>
                        <type></type>
                        <first-execute-time></first-execute-time>
                        <execute-period></execute-period>
                    </conditional-executor>
                </conditional-management>
            </container-management>
            <socket-filter>kr.fujitsu.com.ffw.daemon.net.filter.BasicByteFilter</socket-filter>
            <access-logger>kr.fujitsu.com.ffw.daemon.net.logger.BasicServerAccessLogger</access-logger>
            <thread-pool>
                <init>1</init>
                <max>1</max>
                <min>1</min>
                <idle>1</idle>
            </thread-pool>
            <engine-attribute>
        				<attribute>
        					<!-- ActionPollingContainer를 사용하기 위해서는 POLLING_PERIOD가 반드시 있어야 합니다.-->
        				    <name>POLLING_PERIOD</name>
        				    <value>60000</value><!-- 1000 * 5 즉, 5초, 이 컨테이너는 5초에 한번씩 자동합니다. -->
        				</attribute>
        				<attribute>
                    <name>ACTION_TIME</name>
                    <value>0100</value><!-- HHMM 시간 지정시 해당 시분에 지정작업을 수행합니다. -->
                </attribute>
                <attribute>
                    <name>KeepForDays</name>
                    <value>30</value>
                </attribute>
            </engine-attribute>
        </engine-container>
        
        <engine-container>
            <name>cms_TranCheck</name>
            <command-option>-Xms128m -Xmx128m</command-option>
            <type>kr.fujitsu.com.ffw.daemon.net.polling.ActionPollingContainer</type>
            <action>biz.cms_TranCheck.TranCheckPollingAction</action>
            <tcp-configuration>
                <accept-time-out>0</accept-time-out>
                <connect-time-out>0</connect-time-out>
                <read-time-out>0</read-time-out>
            </tcp-configuration>
            <application-port></application-port>
            <container-management>
                <internal-port>14020</internal-port>
                <conditional-management>
                    <value>false</value>
                    <conditional-executor>
                        <type></type>
                        <first-execute-time></first-execute-time>
                        <execute-period></execute-period>
                    </conditional-executor>
                </conditional-management>
            </container-management>
            <socket-filter>kr.fujitsu.com.ffw.daemon.net.filter.BasicByteFilter</socket-filter>
            <access-logger>kr.fujitsu.com.ffw.daemon.net.logger.BasicServerAccessLogger</access-logger>
            <thread-pool>
                <init>1</init>
                <max>1</max>
                <min>1</min>
                <idle>1</idle>
            </thread-pool>
            <engine-attribute>
                <attribute>
                    <!-- ActionPollingContainer를 사용하기 위해서는 POLLING_PERIOD가 반드시 있어야 합니다.-->
                    <name>POLLING_PERIOD</name>
                    <value>1800000</value><!-- 1000 * 5 즉, 5초, 이 컨테이너는 5초에 한번씩 자동합니다. -->
                </attribute>
                <attribute>
                    <name>ACTION_TIME</name>
                    <value>9999</value><!-- HHMM 시간 지정시 해당 시분에 지정작업을 수행합니다. -->
                </attribute>
            </engine-attribute>
        </engine-container>
    </node>

    <model>
        <record-fetch restrict-level="none" max-count="100" />
        <character-set>
			      <input>UTF-8,UTF-8</input>
			      <output>UTF-8,UTF-8</output>
        </character-set>

        <database name="CMGNS">
            <dbcp>
                <default-auto-commit>false</default-auto-commit>
                <default-transaction-isolation>
                    TRANSACTION_READ_COMMITED
                </default-transaction-isolation>
                <driver-class>
                    oracle.jdbc.driver.OracleDriver
                </driver-class>
                <initial-size>1</initial-size>
                <log-abandoned>true</log-abandoned>
                <max-active>50</max-active>
                <max-idle>45</max-idle>
                <max-wait>10000</max-wait>
                <min-idle>10</min-idle>
                <url>jdbc:oracle:thin:@10.100.113.166:1521:CVSDEV</url>
                <user>CMPS</user>
                <password>qwer!234</password>
                <remove-abandoned>true</remove-abandoned>
                <remove-abandoned-timeout>0</remove-abandoned-timeout>
                <validation-query>SELECT SYSDATE FROM DUAL</validation-query>
            </dbcp>
        </database>
        <database name="CMBK">
            <dbcp>
                <default-auto-commit>false</default-auto-commit>
                <default-transaction-isolation>
                    TRANSACTION_READ_COMMITED
                </default-transaction-isolation>
                <driver-class>
                    oracle.jdbc.driver.OracleDriver
                </driver-class>
                <initial-size>1</initial-size>
                <log-abandoned>true</log-abandoned>
                <max-active>50</max-active>
                <max-idle>45</max-idle>
                <max-wait>10000</max-wait>
                <min-idle>10</min-idle>
                <url>jdbc:oracle:thin:@10.100.113.166:1521:CVSDEV</url>
                <user>CMBK</user>
                <password>qwer!234</password>
                <remove-abandoned>true</remove-abandoned>
                <remove-abandoned-timeout>0</remove-abandoned-timeout>
                <validation-query>SELECT SYSDATE FROM DUAL</validation-query>
            </dbcp>
        </database>
        <database name="REDRMD">
            <dbcp>
                <default-auto-commit>false</default-auto-commit>
                <default-transaction-isolation>
                    TRANSACTION_READ_COMMITED
                </default-transaction-isolation>
                <driver-class>
                    com.microsoft.sqlserver.jdbc.SQLServerDriver
                </driver-class> 
                <initial-size>1</initial-size>
                <log-abandoned>true</log-abandoned>
                <max-active>50</max-active>
                <max-idle>45</max-idle>
                <max-wait>30000</max-wait>
                <min-idle>10</min-idle>
                <url>jdbc:sqlserver://116.193.92.75:1845;databasename=REDRMD</url>
                <user>sa</user>
                <password>sisnet</password>
                <remove-abandoned>true</remove-abandoned>
                <remove-abandoned-timeout>0</remove-abandoned-timeout>
                <validation-query>SELECT GETDATE()</validation-query>
            </dbcp>
        </database>
    </model>
	  <!-- current : ./  sms-1.0.1/bin -->
    <log-configuration>
		    <appender name="FILE" class="kr.fujitsu.com.ffw.util.DatedFileAppender">
		        <param name="Directory" value="./../../../logs/sms"/>
		        <param name="Prefix" value="engine."/>
		        <param name="Suffix" value=".log"/>
		        <layout class="org.apache.log4j.PatternLayout">
		            <param name="ConversionPattern" value="[%d{yyyyMMdd HH:mm:ss}] [%-5p] %l - %m%n"/>
		        </layout>
		    </appender>
        <appender name="PDACOMM2" class="kr.fujitsu.com.ffw.util.DatedFileAppender">  
                <param name="Directory" value="./../../../logs/sms"/>
                <param name="Prefix" value="pdacomm2."/>
                <param name="Suffix" value=".log"/>
                <layout class="org.apache.log4j.PatternLayout">
                  <param name="ConversionPattern" value="[%d{yyyyMMdd HH:mm:ss}] [%-5p] %l - %m%n"/>
                </layout>
        </appender>
        <appender name="PDACOMM3" class="kr.fujitsu.com.ffw.util.DatedFileAppender">  
                <param name="Directory" value="./../../../logs/sms"/>
                <param name="Prefix" value="pdacomm3."/>
                <param name="Suffix" value=".log"/>
                <layout class="org.apache.log4j.PatternLayout">
                  <param name="ConversionPattern" value="[%d{yyyyMMdd HH:mm:ss}] [%-5p] %l - %m%n"/>
                </layout>
        </appender>
		    <appender name="TRAN" class="kr.fujitsu.com.ffw.util.DatedFileAppender">
		        <param name="Directory" value="./../../../logs/sms"/>
			      <param name="Prefix" value="tran."/>
			      <param name="Suffix" value=".log"/>
		        <layout class="org.apache.log4j.PatternLayout">
		            <param name="ConversionPattern" value="[%d{yyyyMMdd HH:mm:ss}] [%-5p] %l - %m%n"/>
		        </layout>
		    </appender>
		    <appender name="JOURNAL" class="kr.fujitsu.com.ffw.util.DatedFileAppender">  
		        <param name="Directory" value="./../../../logs/sms"/>
		        <param name="Prefix" value="journal."/>
		        <param name="Suffix" value=".log"/>
		        <layout class="org.apache.log4j.PatternLayout">
		            <param name="ConversionPattern" value="[%d{yyyyMMdd HH:mm:ss}] [%-5p] %l - %m%n"/>
		        </layout>
		    </appender>
		    <appender name="SYSINQ" class="kr.fujitsu.com.ffw.util.DatedFileAppender">  
		        <param name="Directory" value="./../../../logs/sms"/>
		        <param name="Prefix" value="sysinq."/>
		        <param name="Suffix" value=".log"/>
		        <layout class="org.apache.log4j.PatternLayout">
		            <param name="ConversionPattern" value="[%d{yyyyMMdd HH:mm:ss}] [%-5p] %l - %m%n"/>
		        </layout>
		    </appender>
		    <appender name="TRANCALL" class="kr.fujitsu.com.ffw.util.DatedFileAppender">  
		        <param name="Directory" value="./../../../logs/sms"/>
		        <param name="Prefix" value="trancall."/>
		        <param name="Suffix" value=".log"/>
		        <layout class="org.apache.log4j.PatternLayout">
		            <param name="ConversionPattern" value="[%d{yyyyMMdd HH:mm:ss}] [%-5p] %l - %m%n"/>
		        </layout>
		    </appender>
		    <appender name="TRANDIVIDE" class="kr.fujitsu.com.ffw.util.DatedFileAppender">  
		        <param name="Directory" value="./../../../logs/sms"/>
		        <param name="Prefix" value="trandivide."/>
		        <param name="Suffix" value=".log"/>
		        <layout class="org.apache.log4j.PatternLayout">
		            <param name="ConversionPattern" value="[%d{yyyyMMdd HH:mm:ss}] [%-5p] %l - %m%n"/>
		        </layout>
		    </appender>
		    <appender name="SSGMBSIRT" class="kr.fujitsu.com.ffw.util.DatedFileAppender">  
		        <param name="Directory" value="./../../../logs/sms"/>
		        <param name="Prefix" value="ssgmbsirt."/>
		        <param name="Suffix" value=".log"/>
		        <layout class="org.apache.log4j.PatternLayout">
		            <param name="ConversionPattern" value="[%d{yyyyMMdd HH:mm:ss}] [%-5p] %l - %m%n"/>
		        </layout>
		    </appender>
		    <appender name="POSIRT" class="kr.fujitsu.com.ffw.util.DatedFileAppender">  
		        <param name="Directory" value="./../../../logs/sms"/>
		        <param name="Prefix" value="posirt."/>
		        <param name="Suffix" value=".log"/>
		        <layout class="org.apache.log4j.PatternLayout">
		            <param name="ConversionPattern" value="[%d{yyyyMMdd HH:mm:ss}] [%-5p] %l - %m%n"/>
		        </layout>
		    </appender>
		    <appender name="MASTER" class="kr.fujitsu.com.ffw.util.DatedFileAppender">  
		        <param name="Directory" value="./../../../logs/sms"/>
		        <param name="Prefix" value="master."/>
		        <param name="Suffix" value=".log"/>
		        <layout class="org.apache.log4j.PatternLayout">
		            <param name="ConversionPattern" value="[%d{yyyyMMdd HH:mm:ss}] [%-5p] %l - %m%n"/>
		        </layout>
		    </appender>
		    <appender name="MASTERAGENT" class="kr.fujitsu.com.ffw.util.DatedFileAppender">  
		        <param name="Directory" value="./../../../logs/sms"/>
		        <param name="Prefix" value="masteragent."/>
		        <param name="Suffix" value=".log"/>
		        <layout class="org.apache.log4j.PatternLayout">
		            <param name="ConversionPattern" value="[%d{yyyyMMdd HH:mm:ss}] [%-5p] %l - %m%n"/>
		        </layout>
		    </appender>
		    <appender name="TMONEYIRT" class="kr.fujitsu.com.ffw.util.DatedFileAppender">  
		        <param name="Directory" value="./../../../logs/sms"/>
		        <param name="Prefix" value="tmoneyirt."/>
		        <param name="Suffix" value=".log"/>
		        <layout class="org.apache.log4j.PatternLayout">
		            <param name="ConversionPattern" value="[%d{yyyyMMdd HH:mm:ss}] [%-5p] %l - %m%n"/>
		        </layout>
		    </appender>
		    <appender name="CASHBEEIRT" class="kr.fujitsu.com.ffw.util.DatedFileAppender">  
            <param name="Directory" value="./../../../logs/sms"/>
            <param name="Prefix" value="cashbeeirt."/>
            <param name="Suffix" value=".log"/>
            <layout class="org.apache.log4j.PatternLayout">
                <param name="ConversionPattern" value="[%d{yyyyMMdd HH:mm:ss}] [%-5p] %l - %m%n"/>
            </layout>
        </appender>
		    <appender name="LOGMANAGER" class="kr.fujitsu.com.ffw.util.DatedFileAppender">  
		        <param name="Directory" value="./../../../logs/sms"/>
		        <param name="Prefix" value="logmgr."/>
		        <param name="Suffix" value=".log"/>
		        <layout class="org.apache.log4j.PatternLayout">
		            <param name="ConversionPattern" value="[%d{yyyyMMdd HH:mm:ss}] [%-5p] %l - %m%n"/>
		        </layout>
		    </appender>
		    <appender name="TRANCHECK" class="kr.fujitsu.com.ffw.util.DatedFileAppender">  
            <param name="Directory" value="./../../../logs/sms"/>
            <param name="Prefix" value="trancheck."/>
            <param name="Suffix" value=".log"/>
            <layout class="org.apache.log4j.PatternLayout">
                <param name="ConversionPattern" value="[%d{yyyyMMdd HH:mm:ss}] [%-5p] %l - %m%n"/>
            </layout>
        </appender>
		    <logger name="biz.cms_PDACommIf2.PDACommIFAction2">
            <level value="INFO"/>
            <appender-ref ref="PDACOMM2"/>
        </logger>
        <logger name="biz.cms_PDACommIf3.PDACommIFAction3">
            <level value="INFO"/>
            <appender-ref ref="PDACOMM3"/>
        </logger>
			  <logger name="biz.cms_MasterCrt.MasterCrtClientAction">
		        <level value="INFO"/>
		        <appender-ref ref="MASTER"/>
		    </logger>
			  <logger name="biz.cms_TranCall.TranCallAction">
		        <level value="INFO"/>
		        <appender-ref ref="TRANCALL"/>
		    </logger>
		    <logger name="biz.cms_TranDivide.TranDividePollingAction">
		        <level value="INFO"/>
		        <appender-ref ref="TRANDIVIDE"/>
		    </logger>
		    <logger name="biz.cms_SSGMbsIrt.SSGMbsIrtAction">
		        <level value="INFO"/>
		        <appender-ref ref="SSGMBSIRT"/>
		    </logger>
		    <logger name="biz.cms_POSIrt.POSIrtAction">
		        <level value="INFO"/>
		        <appender-ref ref="POSIRT"/>
		    </logger>
		    <logger name="biz.cms_SysInfoRcv.SysInfoRcvAction">
		        <level value="INFO"/>
		        <appender-ref ref="SYSINQ"/>
		    </logger>
			  <logger name="biz.cms_JournalRcv.JournalRcvAction">
		        <level value="INFO"/>
		        <appender-ref ref="JOURNAL"/>
		    </logger>
		    <logger name="biz.cms_TranRcv.TranRcvAction">
		        <level value="INFO"/>
		        <appender-ref ref="TRAN"/>
		    </logger>
		    <logger name="biz.cms_MasterAgent.MasterAgentPollingAction">
		        <level value="INFO"/>
		        <appender-ref ref="MASTERAGENT"/>
		    </logger>
		    <logger name="biz.cms_TMoneyIrt.TMoneyIrtAction">
		        <level value="INFO"/>
		        <appender-ref ref="TMONEYIRT"/>
		    </logger>
		    <logger name="biz.cms_CashBeeIrt.CashBeeIrtAction">
		        <level value="INFO"/>
		        <appender-ref ref="CASHBEEIRT"/>
		    </logger>
				<logger name="kr.fujitsu.com.ffw">
					  <level value="INFO"/>
					  <appender-ref ref="FILE"/>
				</logger>
				<logger name="biz.cms_LogManager.LogManagerPollingAction">
		        <level value="INFO"/>
		        <appender-ref ref="LOGMANAGER"/>
		    </logger>
		    <logger name="biz.cms_TranCheck.TranCheckPollingAction">
            <level value="INFO"/>
            <appender-ref ref="TRANCHECK"/>
        </logger>
    </log-configuration>

    <resource-repository>
        <resource type="property" src="./xml/stsys-property.xml" />
        <resource type="property" src="./xml/communication-property.xml" />
        <resource type="property" src="./xml/service-property.xml" />
        <resource type="sql" src="./xml/journal-sql.xml" />
        <resource type="sql" src="./xml/stsys-sql.xml" />
        <resource type="sql" src="./xml/sysinq-sql.xml" />
        <resource type="sql" src="./xml/tran-sql.xml" />
        <resource type="sql" src="./xml/pos-sql.xml" />
        <resource type="sql" src="./xml/service-sql.xml" />
        <resource type="sql" src="./xml/pda-sql.xml" />
        <resource type="telegram" src="./xml/comm-form.xml" />
        <resource type="telegram" src="./xml/journal-form.xml" />
        <resource type="telegram" src="./xml/tran-form.xml" />
        <resource type="telegram" src="./xml/tmoney-form.xml" />
        <resource type="telegram" src="./xml/cashbee-form.xml" />
        <resource type="telegram" src="./xml/comm-form_pda.xml" />
    </resource-repository>

</daemon-config>