<?xml version="1.0" encoding="utf-8"?>
<daemon-config>
	<node manager-port="20000">
		<engine-container>
			<name></name>
			<command-option></command-option>
			<type></type>
			<action></action>
			<tcp-configuration>
				<accept-time-out>0</accept-time-out>
				<connect-time-out>0</connect-time-out>
				<read-time-out>0</read-time-out>
			</tcp-configuration>
			<application-port>0</application-port>
			<container-management>
				<internal-port>0</internal-port>
				<conditional-management>
					<value>false</value>
					<conditional-executor>
						<type></type>
						<first-execute-time></first-execute-time>
						<execute-period></execute-period>
					</conditional-executor>
				</conditional-management>
			</container-management>
			<socket-filter></socket-filter>
			<access-logger></access-logger>
			<thread-pool>
				<init></init>
				<max></max>
				<min></min>
				<idle></idle>
			</thread-pool>
		</engine-container>
	</node>
	<model>
		<record-fetch restrict-level="" max-count="0" />
		<character-set>
			<input></input>
			<output></output>
		</character-set>
		<database name="">
			<dbcp>
				<default-auto-commit>false</default-auto-commit>
				<default-transaction-isolation>
					TRANSACTION_READ_COMMITED
				</default-transaction-isolation>
				<driver-class>
					com.microsoft.sqlserver.jdbc.SQLServerDriver
                </driver-class>
				<initial-size>1</initial-size>
				<log-abandoned>true</log-abandoned>
				<max-active>25</max-active>
				<max-idle>20</max-idle>
				<max-wait>10000</max-wait>
				<min-idle>10</min-idle>
				<url>jdbc:sqlserver://10.166.97.107:1433;databaseName=CMGNS;</url>
				<user>CMGNS</user>
				<password>CMGNS</password>
				<remove-abandoned>true</remove-abandoned>
				<remove-abandoned-timeout>
					10000
          </remove-abandoned-timeout>
				<validation-query>select getdate()</validation-query>
			</dbcp>
		</database>
	</model>
	<log-configuration>
		<appender name="CONSOLE"        class="
			org.apache.log4j.ConsoleAppender ">
			<layout class="org.apache.log4j.PatternLayout">
				<param name="ConversionPattern" value="%m%n" />
			</layout>
		</appender>
		<appender name="ACCESS"
			class="org.apache.log4j.DailyRollingFileAppender">
			<param name="File" value="./../../../logs/sms/access.log" />
			<param name="DatePattern" value=".yyyy-MM-dd" />
			<layout class="org.apache.log4j.PatternLayout">
				<param name="ConversionPattern" value="%d %m%n" />
			</layout>
		</appender>
		<logger name="kr.fujitsu.com.ffw.daemon.net.logger">
			<level value="INFO" />
			<appender-ref ref="ACCESS" />
		</logger>
		<root>
			<level value="INFO" />
			<appender-ref ref="CONSOLE" />
		</root>
	</log-configuration>
	<resource-repository>
		<resource type="sql" src="./xml/tutorial-sql.xml" />
		<resource type="property" src="./xml/tutorial-property.xml" />
		<resource type="telegram" src="./xml/tutorial-form.xml" />
	</resource-repository>
</daemon-config>
   