<?xml version="1.0" encoding="utf-8"?>
    <server name="server">
        <process-group>
            <process-name>cms_TranRcv</process-name>
            <group-no>1</group-no>
            <group-name>daemon</group-name>
            <group-visible>1</group-visible>
        </process-group>

        <process-group>
            <process-name>cms_JournalRcv</process-name>
            <group-no>2</group-no>
            <group-name>daemon</group-name>
            <group-visible>1</group-visible>
        </process-group>

        <process-group>
            <process-name>cms_SysInfoRcv</process-name>
            <group-no>3</group-no>
            <group-name>daemon</group-name>
            <group-visible>1</group-visible>
        </process-group>

        <process-group>
            <process-name>cms_DeployReq</process-name>
            <group-no>4</group-no>
            <group-name>batchDaemon</group-name>
            <group-visible>0</group-visible>
        </process-group>

    </server>

