<?xml version="1.0" encoding="utf-8"?>
<property-resource key="stsys-property">
	<property name="APP_ROOT">
		<![CDATA[/home/withme/CMBO]]>
	</property>

  <property name="SMS_ROOT">
    <![CDATA[/home/withme/CMBO/workspace/sms-1.0.1]]>
  </property>

  <property name="FILECRT_ROOT">
    <![CDATA[/home/withme/CMBO/ftproot/deploy]]>
  </property>

	<property name="FTP_ROOT">
		<![CDATA[/deploy]]>
	</property>

	<property name="FFIMG_DIR">
		<![CDATA[/IMG/FFPLU]]>
	</property>
	
	<property name="EVTIMG_DIR">
		<![CDATA[/IMG/EVENT]]>
	</property>
	
	<property name="COM_CD">
	  <![CDATA[1002]]>
	</property>
			
	<property name="FTP_SERVER_IP">
		<![CDATA[202.3.22.13]]>
	</property>
	
	<property name="DEPLOY_PORT">
		<![CDATA[8001]]>
	</property>	
	
	<property name="MASTER_TM">
		<![CDATA[1]]>
	</property>	
	<property name="MASTER_DELAY">
		<![CDATA[0]]>
	</property>	
	
	<property name="PGM_TM">
		<![CDATA[10]]>
	</property>	
	<property name="PGM_DELAY">
		<![CDATA[100]]>
	</property>	
</property-resource>