<?xml version="1.0" encoding="utf-8"?>
<sql-resource key="sysinq-sql">
  <!-- NEW_마스터배포방식여부 조회 -->
  <query name="SEL_NEWDEPLOY_YN">
  <![CDATA[
	SELECT CASE
	            WHEN TO_NUMBER(REPLACE(SUBSTR(POS_PGM_VER, 5, 9), '.', '')) >= 112301 THEN 'Y'
	            ELSE 'N'
       	   END  AS NEWDEPLOY_YN
	  FROM STM.ST_POSSYSINFORCV_TRN
	 WHERE 1 = 1
	   AND BIZLOC_ORG_CD = ?
	   AND POS_NO = ?
	   AND CO_CD = ?
  ]]>
  </query>

  <!-- SMS발송 -->
  <query name="PR_SMSSEND">
  <![CDATA[
  	DECLARE
  		v_ERR_NO	VARCHAR2(1000);
  		v_ERR_MSG	VARCHAR2(1000);
  	BEGIN
  		CMBO.PR_SS_SMSSEND_HDR('1002', ?, '0269161473', 'BATCH', 0, 'SND01', TO_CHAR(SYSDATE, 'YYYYMMDD HH24:MI:SS'), ?, v_ERR_NO, v_ERR_MSG);
  	END;
  ]]>
  </query>
  
  <!-- 01:POS디바이스 상태전송 -->
  <query name="DEL_STBDA111AT">
  <![CDATA[ 
    DELETE
      FROM STBDA111AT
     WHERE SYS_YMD    = ?
       AND COM_CD    = ?
       AND STORE_CD  = ?
       AND POS_NO    = ?     
    ]]>
  </query>  

  <query name="DEL_STBDA110AT">
  <![CDATA[ 
    DELETE
      FROM STBDA110AT
     WHERE SYS_YMDHMS    = ?
       AND COM_CD    = ?
       AND STORE_CD  = ?
       AND POS_NO    = ? 
    ]]>
  </query>  
  
  <query name="INS_STBDA110AT">
  <![CDATA[ 
    INSERT INTO STBDA110AT (
        SYS_YMDHMS    ,
        COM_CD        ,
        STORE_CD      ,
        POS_NO        ,
        PGM_VER       ,
        MST_VER       ,
        POS_TY        ,
        DEVICE_CNT  
        )
    VALUES (
        ? ,
        ? ,
        ? ,
        ? ,
        ? ,
        ? ,
        ? ,
        ? 
        )
    ]]>
  </query>
  
  <query name="INS_STBDA111AT">
  <![CDATA[ 
    INSERT INTO STBDA111AT (
        SYS_YMD       , 
        COM_CD        ,
        STORE_CD      ,
        POS_NO        ,
        DEVICE_CD     ,
        DEVICE_STAT 
      )
    VALUES (
        ?   ,
        ?   ,
        ?   ,
        ?   ,
        ?   ,
        ?   
        )
    ]]>
  </query>
      
  <!-- 02:시스템일시 조회 -->
  <query name="SEL_STTRP110DT">
  <![CDATA[ 
	    SELECT NVL( MAX(FINAL_TRAN_NO), '0000') AS TRAN_NO 
           , FN_DATE2STR() AS SYS_YMD
           , FN_TIME2STR() AS SYS_HMS
           , FN_DATETIME2STR() AS SYS_YMDHMS
        FROM STBDA090AT 
       WHERE TRAN_YMD = ?
         AND COM_CD = ? 
         AND STORE_CD = ? 
         AND POS_NO   = ?              
    ]]>
  </query>    

  <!-- 03:배신상세 업데이트 -->
  <query name="MER_STBDA101AT">
  <![CDATA[   
     MERGE INTO STBDA101AT T
     USING ( SELECT  ? AS TRANS_YMD,
                     ? AS STORE_CD,
                     ? AS TRANS_ID,
                     ? AS TRANS_SEQ,
                     ? AS POS_NO,
                     FN_DATETIME2STR() AS SYSYMD
               FROM  DUAL
           ) R
      ON (    T.TRANS_YMD = R.TRANS_YMD 
          AND T.STORE_CD  = R.STORE_CD
          AND T.POS_NO    = R.POS_NO
          AND T.TRANS_ID  = R.TRANS_ID
          AND T.TRANS_SEQ = R.TRANS_SEQ
           )
    WHEN MATCHED THEN
          UPDATE SET T.POS_APPL_YMDHMS = R.SYSYMD
    WHEN NOT MATCHED THEN
          INSERT (
                TRANS_YMD, STORE_CD, TRANS_ID, TRANS_SEQ,POS_NO,POS_APPL_YMDHMS
          )
          VALUES ( 
              R.TRANS_YMD, R.STORE_CD, R.TRANS_ID, R.TRANS_SEQ, 
              R.POS_NO, R.SYSYMD
           )
    ]]>
  </query>

  <!-- 07: POS 시작시 긴급마스터,프로그램 등등 요청(외식 미사용) -->
  <query name="SEL_STBDA100AT_01">
  <![CDATA[
    SELECT *
      FROM (
				    SELECT TRANS_YMD
				         , STORE_CD
				         , TRANS_ID
				         , TRANS_SEQ
				         , URGENT_YN
				         , TRANS_VER
				         , TRANS_FILE_DIR
				         , OPER_YMDHMS
				         , OPER_ID
				         , SC_RCV_YMDHMS
				         , SEND_ID
				         , MSG_CD
				         , APPL_YMDHMS
				         , POS_RCV_YMDHMS
				         , POS_APPL_YMDHMS
				      FROM STBDA100AT
				     WHERE TRANS_YMD = ?
				       AND STORE_CD  = ?
				       AND TRANS_ID  = ?
				       AND URGENT_YN = ?
				       AND OPER_ID   IN ('0','1','2','D','C','F') --0:생성완료,1:다운완료,2:적용완료,D:배포성공,C:접속실패,F:다운실패
				       AND TRANS_FILE_DIR IS NOT NULL
				       AND POS_NO = ?
				       AND (POS_RCV_YMDHMS IS NULL OR POS_RCV_YMDHMS = '')
				     ORDER BY FILE_YMDHMS DESC
				       , CASE OPER_ID WHEN 'F' THEN '1' WHEN '0' THEN '2' ELSE '3' END
				   )
		 WHERE ROWNUM <= 1
    ]]>
  </query>    

  <!-- 07: 영업중 POS 긴급마스터,프로그램 등등 수동요청(무조껀 가장최근것 전송)(외식 미사용) -->
  <query name="SEL_STBDA100AT_02">
  <![CDATA[
    SELECT *
      FROM (
				    SELECT TRANS_YMD
				         , STORE_CD
				         , TRANS_ID
				         , TRANS_SEQ
				         , URGENT_YN
				         , TRANS_VER
				         , TRANS_FILE_DIR
				         , OPER_YMDHMS
				         , OPER_ID
				         , SC_RCV_YMDHMS
				         , SEND_ID
				         , MSG_CD
				         , APPL_YMDHMS
				         , POS_RCV_YMDHMS
				         , POS_APPL_YMDHMS
				      FROM STBDA100AT
				     WHERE STORE_CD  = ? 
				       AND TRANS_ID  = ?
				       AND POS_NO = ?
				     ORDER BY FILE_YMDHMS DESC
				   )
     WHERE ROWNUM <= 1
    ]]>
  </query>    

  <!-- 30: POS 주기적인 긴급마스터,프로그램 등등 요청(외식 미사용) -->
  <query name="SEL_STBDA100AT_03">
  <![CDATA[
    SELECT *
      FROM ( 
				    SELECT TRANS_YMD
				         , STORE_CD
				         , TRANS_ID
				         , TRANS_SEQ
				         , URGENT_YN
				         , TRANS_VER
				         , TRANS_FILE_DIR
				         , OPER_YMDHMS
				         , OPER_ID
				         , SC_RCV_YMDHMS
				         , SEND_ID
				         , MSG_CD
				         , APPL_YMDHMS
				         , POS_RCV_YMDHMS
				         , POS_APPL_YMDHMS
				      FROM STBDA100AT
				     WHERE TRANS_YMD LIKE ? 
				       AND STORE_CD  = ? 
				       AND TRANS_ID  LIKE ?
				       AND URGENT_YN = ?
				       AND OPER_ID   IN ('0','1','2','D','C','F') --0:생성완료,1:다운완료,2:적용완료,D:배포성공,C:접속실패,F:다운실패
				       AND POS_NO = ?
				       AND (POS_RCV_YMDHMS IS NULL OR POS_RCV_YMDHMS = '')
				     ORDER BY TRANS_VER DESC
				   )
     WHERE ROWNUM <= 1
    ]]>
  </query>    

  <!-- 04:배신정보 업데이트(POS배신결과전송용) -->
  <!-- 0:배신준비중,1:배신생성중,2:배신준비완료,3:배신완료,4:다운완료,5:적용완료,6:다운실패,7:적용실패,8:배신3회실패,D:배포성공(SC),C:접속실패(SC) -->
  <query name="UPD_STBDA100AT_0">
  <![CDATA[ 
     UPDATE STBDA100AT
        SET OPER_ID        = ?
          , OPER_YMDHMS    = FN_DATETIME2STR()
      WHERE TRANS_YMD = ?
        AND COM_CD  = ?
        AND STORE_CD  = ?
        AND POS_NO    = ?
        AND TRANS_ID  = ?
        AND TRANS_VER = ?
    ]]>
  </query>
  
  <!-- 04:배신정보 업데이트_NEW(POS다운완료결과전송용) -->
  <!-- 0:배신준비중,1:배신생성중,2:배신준비완료,3:배신완료,4:다운완료,5:적용완료,6:다운실패,7:적용실패,8:배신3회실패,D:배포성공(SC),C:접속실패(SC) -->
  <query name="UPD_STBDA120AT_1">
  <![CDATA[   
     UPDATE STBDA120AT
        SET OPER_ID        = ?
          , OPER_YMDHMS    = FN_DATETIME2STR()
          , POS_RCV_YMDHMS = FN_DATETIME2STR()
      WHERE TRANS_YMD = ?
        AND COM_CD  = ?
        AND STORE_CD  = ?
        AND POS_NO    = ?
        AND TRANS_ID  = ?
        AND TRANS_VER = ?
    ]]>
  </query>
  
  <!-- 04:배신정보 업데이트_NEW(POS적용완료결과전송용) -->
  <!-- 0:배신준비중,1:배신생성중,2:배신준비완료,3:배신완료,4:다운완료,5:적용완료,6:다운실패,7:적용실패,8:배신3회실패,D:배포성공(SC),C:접속실패(SC) -->
  <query name="UPD_STBDA120AT_2">
  <![CDATA[   
     UPDATE STBDA120AT
        SET OPER_ID         = ?
          , OPER_YMDHMS     = FN_DATETIME2STR()
          , POS_APPL_YMDHMS = FN_DATETIME2STR()
      WHERE TRANS_YMD = ?
        AND COM_CD  = ?
        AND STORE_CD  = ?
        AND POS_NO    = ?
        AND TRANS_ID  = ?
        AND TRANS_VER = ?
    ]]>
  </query>
    
  <!-- 04:배신정보 업데이트(POS다운완료결과전송용) -->
  <!-- 0:배신준비중,1:배신생성중,2:배신준비완료,3:배신완료,4:다운완료,5:적용완료,6:다운실패,7:적용실패,8:배신3회실패,D:배포성공(SC),C:접속실패(SC) -->
  <query name="UPD_STBDA100AT_1">
  <![CDATA[   
     UPDATE STBDA100AT
        SET OPER_ID        = ?
          , OPER_YMDHMS    = FN_DATETIME2STR()
          , POS_RCV_YMDHMS = FN_DATETIME2STR()
      WHERE TRANS_YMD = ?
        AND COM_CD  = ?
        AND STORE_CD  = ?
        AND POS_NO    = ?
        AND TRANS_ID  = ?
        AND TRANS_VER = ?
    ]]>
  </query>

  <!-- 04:배신정보 업데이트(POS적용완료결과전송용) -->
  <!-- 0:배신준비중,1:배신생성중,2:배신준비완료,3:배신완료,4:다운완료,5:적용완료,6:다운실패,7:적용실패,8:배신3회실패,D:배포성공(SC),C:접속실패(SC) -->
  <query name="UPD_STBDA100AT_2">
  <![CDATA[   
     UPDATE STBDA100AT
        SET OPER_ID         = ?
          , OPER_YMDHMS     = FN_DATETIME2STR()
          , POS_APPL_YMDHMS = FN_DATETIME2STR()
      WHERE TRANS_YMD = ?
        AND COM_CD  = ?
        AND STORE_CD  = ?
        AND POS_NO    = ?
        AND TRANS_ID  = ?
        AND TRANS_VER = ?
    ]]>
  </query>

  <!-- 30: POS 주기적인 긴급마스터,프로그램 등등 요청(미배신분만 조회) -->
  <query name="SEL_STBDA100AT_1">
  <![CDATA[
    SELECT *
      FROM (
				    SELECT TRANS_YMD
				         , STORE_CD
				         , TRANS_ID
				         , TRANS_SEQ
				         , URGENT_YN
				         , TRANS_VER
				         , TRANS_FILE_DIR
				         , OPER_YMDHMS
				         , OPER_ID
				         , SC_RCV_YMDHMS
				         , SEND_ID
				         , MSG_CD
				         , APPL_YMDHMS
				         , POS_RCV_YMDHMS
				         , POS_APPL_YMDHMS
				      FROM STBDA100AT
				     WHERE TRANS_YMD = ? 
				       AND COM_CD  = ? 
				       AND STORE_CD  = ? 
				       AND POS_NO = ?
				       AND TRANS_ID  LIKE ?
				       AND TRANS_ID  <> 'MSG'
				       AND URGENT_YN IN (?, ?)
				       AND OPER_ID   IN ('2','C') --0:배신준비중,1:배신생성중,2:배신준비완료,3:배신완료,4:다운완료,5:적용완료,6:다운실패,7:적용실패,8:배신3회실패,D:배포성공(SC),C:접속실패(SC)
				     ORDER BY TRANS_VER DESC
				   )
     WHERE ROWNUM <= 1
    ]]>
  </query>    


  <!-- 30: POS 주기적인 긴급마스터,프로그램 등등 요청(기배신분 포함 최종것) -->
  <query name="SEL_STBDA100AT_2">
  <![CDATA[ 
    SELECT *
      FROM (
				    SELECT TRANS_YMD
				         , STORE_CD
				         , TRANS_ID
				         , TRANS_SEQ
				         , URGENT_YN
				         , TRANS_VER
				         , TRANS_FILE_DIR
				         , OPER_YMDHMS
				         , OPER_ID
				         , SC_RCV_YMDHMS
				         , SEND_ID
				         , MSG_CD
				         , APPL_YMDHMS
				         , POS_RCV_YMDHMS
				         , POS_APPL_YMDHMS
				      FROM STBDA100AT
				     WHERE TRANS_YMD LIKE ? 
				       AND COM_CD  = ? 
				       AND STORE_CD  = ? 
				       AND POS_NO = ?
				       AND TRANS_ID  LIKE ?
				       AND TRANS_ID  <> 'MSG'
				       AND URGENT_YN = '0'
				       AND OPER_ID   NOT IN ('0', '1') --0:배신준비중,1:배신생성중,2:배신준비완료,3:배신완료,4:다운완료,5:적용완료,6:다운실패,7:적용실패,8:배신3회실패,D:배포성공(SC),C:접속실패(SC)
				     ORDER BY TRANS_VER DESC
				   )
     WHERE ROWNUM <= 1				   
    ]]>
  </query>    

  

  <!-- 30: POS 주기적인 긴급메시지 요청(미배신분만 조회) -->
  <query name="SEL_STBDA100AT_3">
  <![CDATA[
    SELECT *
      FROM (
				    SELECT A.TRANS_YMD
				         , A.STORE_CD
				         , A.TRANS_ID
				         , A.TRANS_SEQ
				         , A.URGENT_YN
				         , A.TRANS_VER
				         , A.TRANS_FILE_DIR
				         , A.OPER_YMDHMS
				         , A.OPER_ID
				         , A.SC_RCV_YMDHMS
				         , A.SEND_ID
				         , A.MSG_CD
				         , A.APPL_YMDHMS
				         , A.POS_RCV_YMDHMS
				         , A.POS_APPL_YMDHMS
				         , B.MSG_TITLE
				         , B.MSG_CONT
				         , SUBSTR(B.POS_SYMDHMS, 1, 12) AS POS_SYMDHMS
				         , SUBSTR(B.POS_EYMDHMS, 1, 12) AS POS_EYMDHMS
				      FROM STBDA100AT  A
				         , STBDA101AT  B
				     WHERE A.COM_CD  = ? 
				       AND A.TRANS_YMD = TO_CHAR(SYSDATE, 'YYYYMMDD')
				       AND A.STORE_CD = ?
				       AND A.POS_NO = ?
				       AND A.TRANS_ID  IN ('MSG')
				       AND A.OPER_ID   IN ('2','C') --0:배신준비중,1:배신생성중,2:배신준비완료,3:배신완료,4:다운완료,5:적용완료,6:다운실패,7:적용실패,8:배신3회실패,D:배포성공(SC),C:접속실패(SC)
				       AND A.COM_CD = B.COM_CD
				       AND A.MSG_CD = B.MSG_CD
				     ORDER BY A.TRANS_VER DESC
				   )
     WHERE ROWNUM <= 1
    ]]>
  </query>   
  
  
  <query name="SEL_STBDA100AT_4">
  <![CDATA[
    SELECT *
      FROM (
	    SELECT /*+ INDEX_DESC(A IX_STBDA100AT_01) */
	    	   TRANS_YMD
	         , STORE_CD
	         , TRANS_ID
	         , TRANS_SEQ
	         , URGENT_YN
	         , TRANS_VER
	         , TRANS_FILE_DIR
	         , OPER_YMDHMS
	         , OPER_ID
	         , SC_RCV_YMDHMS
	         , SEND_ID
	         , MSG_CD
	         , APPL_YMDHMS
	         , POS_RCV_YMDHMS
	         , POS_APPL_YMDHMS
	      FROM STBDA100AT
	     WHERE TRANS_YMD BETWEEN TO_CHAR(SYSDATE - 7, 'YYYYMMDD') AND TO_CHAR(SYSDATE, 'YYYYMMDD') 
	       AND COM_CD  = ? 
	       AND STORE_CD  = ? 
	       AND POS_NO = ?
	       AND TRANS_ID  LIKE ?
	       AND TRANS_ID  <> 'MSG'
	       AND URGENT_YN IN (?, ?)
	       AND OPER_ID   IN ('2','C') --0:배신준비중,1:배신생성중,2:배신준비완료,3:배신완료,4:다운완료,5:적용완료,6:다운실패,7:적용실패,8:배신3회실패,D:배포성공(SC),C:접속실패(SC)
	     ORDER BY TRANS_VER DESC
	   )
     WHERE ROWNUM <= 1
    ]]>
  </query>
   

  <query name="SEL_STTRP010DT">
  <![CDATA[
    SELECT *
      FROM (
				    SELECT A.TRAN_YMD
				         , A.COM_CD
				         , A.STORE_CD
				         , A.POS_NO
				         , A.TRAN_NO
				         , A.TRAN_TYPE
				         , A.TRAN_KIND
				         , A.ORG_POS_NO
				         , A.ORG_TRAN_YMD
				         , A.ORG_TRAN_NO
				         , A.DEAL_DAT
				         , (SELECT COUNT(*)
				              FROM STTRP010DT B
				             WHERE B.ORG_TRAN_YMD = ?
				               AND B.ORG_STORE_CD = ?
				               AND B.ORG_POS_NO   = ?
				               AND B.ORG_TRAN_NO  = ?
				               AND B.TRAN_TYPE    = '1') AS RETURN_COUNT
				      FROM STTRP010DT A
				     WHERE A.TRAN_YMD    = ? 
				       AND A.COM_CD      = ?
				       AND A.STORE_CD    = ?
				       AND A.POS_NO      = ?
				       AND A.TRAN_NO     = ?
				       AND (A.TRAN_TYPE  = '0' OR A.TRAN_TYPE   = '1')
				   )
     WHERE ROWNUM <= 1				   
    ]]>
  </query> 
  
  <query name="SEL_STTRP010DT2">
  <![CDATA[
    SELECT *
      FROM (
            SELECT A.TRAN_YMD
                 , A.COM_CD
                 , A.STORE_CD
                 , A.POS_NO
                 , A.TRAN_NO
                 , A.TRAN_TYPE
                 , A.TRAN_KIND
                 , A.ORG_POS_NO
                 , A.ORG_TRAN_YMD
                 , A.ORG_TRAN_NO
                 , A.DEAL_DAT
                 , B.RFND_YN
              FROM STTRP010DT A, STTRP110DT B
             WHERE 1=1
               AND A.TRAN_YMD = B.TRAN_YMD
		       AND A.COM_CD = B.COM_CD
		       AND A.STORE_CD = B.STORE_CD
		       AND A.POS_NO = B.POS_NO
		       AND A.TRAN_NO = B.TRAN_NO
               AND A.TRAN_YMD    = ? 
               AND A.COM_CD      = ?
               AND A.STORE_CD    = ?
               AND A.POS_NO      = ?
               AND A.TRAN_NO     = ?
               AND (A.TRAN_TYPE  = '0' OR A.TRAN_TYPE   = '1')
               AND A.STOP_YN     = '0'
           )
     WHERE ROWNUM <= 1           
    ]]>
  </query>
  <query name="INS_SYSINFOEXT">
  <![CDATA[
    MERGE INTO ST_POSSYSINFORCV_TRN T
    USING ( SELECT  ? AS CO_CD
                 ,  ? AS BIZLOC_ORG_CD
                 ,  ? AS POS_NO
                 ,  ? AS OS_INFO
                 ,  ? AS CPU_INFO
                 ,  ? AS GRAPC_CARD_INFO
                 ,  ? AS MORY_INFO
                 ,  ? AS POS_PGM_VER
                 ,  ? AS IP
                 ,  ? AS VAN_ID
                 ,	? AS DONGLE_MODEL
                 ,	? AS DONGLE_FW_VER
              FROM  DUAL
          ) R
       ON (   T.BIZLOC_ORG_CD = R.BIZLOC_ORG_CD 
          AND T.POS_NO        = R.POS_NO
          AND T.CO_CD         = R.CO_CD
          )
    WHEN MATCHED THEN
          UPDATE SET T.OS_INFO          = R.OS_INFO
                   , T.CPU_INFO         = R.CPU_INFO
                   , T.GRAPC_CARD_INFO  = R.GRAPC_CARD_INFO
                   , T.MORY_INFO        = R.MORY_INFO
                   , T.POS_PGM_VER      = R.POS_PGM_VER
                   , T.IP               = R.IP
                   , T.VAN_ID			= R.VAN_ID
                   , T.DONGLE_MODEL		= R.DONGLE_MODEL
                   , T.DONGLE_FW_VER	= R.DONGLE_FW_VER
                   , T.MOD_DTM          = FN_DATETIME2STR()
                   , T.MOD_EMP_ID       = 'cms_SysInfoRcv'
    WHEN NOT MATCHED THEN
          INSERT (
                  CO_CD, BIZLOC_ORG_CD, POS_NO, OS_INFO, CPU_INFO,
                  GRAPC_CARD_INFO, MORY_INFO, POS_PGM_VER, REG_DTM, REG_EMP_ID,
                  IP, VAN_ID, DONGLE_MODEL, DONGLE_FW_VER
                 )
          VALUES ( 
                  R.CO_CD, R.BIZLOC_ORG_CD, R.POS_NO, R.OS_INFO, R.CPU_INFO,
                  R.GRAPC_CARD_INFO, R.MORY_INFO, R.POS_PGM_VER, FN_DATETIME2STR(), 'cms_SysInfoRcv',
                  R.IP, R.VAN_ID, R.DONGLE_MODEL, R.DONGLE_FW_VER
                 )
  ]]>
  </query>
  
  <query name="INS_SYSINFOEXT2">
  <![CDATA[
    MERGE INTO ST_POSSYSINFORCV_TRN T
    USING ( SELECT  ? AS CO_CD
                 ,  ? AS BIZLOC_ORG_CD
                 ,  ? AS POS_NO
                 ,  ? AS OS_INFO
                 ,  ? AS CPU_INFO
                 ,  ? AS GRAPC_CARD_INFO
                 ,  ? AS MORY_INFO
                 ,  ? AS POS_PGM_VER
                 ,  ? AS IP
                 ,  ? AS VAN_ID
                 ,	? AS DONGLE_MODEL
                 ,	? AS DONGLE_FW_VER
                 ,  ? AS FILLER1
                 ,  ? AS FILLER2
                 ,  ? AS FILLER3
              FROM  DUAL
          ) R
       ON (   T.BIZLOC_ORG_CD = R.BIZLOC_ORG_CD 
          AND T.POS_NO        = R.POS_NO
          AND T.CO_CD         = R.CO_CD
          )
    WHEN MATCHED THEN
          UPDATE SET T.OS_INFO          = R.OS_INFO
                   , T.CPU_INFO         = R.CPU_INFO
                   , T.GRAPC_CARD_INFO  = R.GRAPC_CARD_INFO
                   , T.MORY_INFO        = R.MORY_INFO
                   , T.POS_PGM_VER      = R.POS_PGM_VER
                   , T.IP               = R.IP
                   , T.VAN_ID			= R.VAN_ID
                   , T.DONGLE_MODEL		= R.DONGLE_MODEL
                   , T.DONGLE_FW_VER	= R.DONGLE_FW_VER
                   , T.FILLER1          = R.FILLER1
                   , T.FILLER2          = R.FILLER2
                   , T.FILLER3          = R.FILLER3
                   , T.MOD_DTM          = FN_DATETIME2STR()
                   , T.MOD_EMP_ID       = 'cms_SysInfoRcv'
    WHEN NOT MATCHED THEN
          INSERT (
                  CO_CD, BIZLOC_ORG_CD, POS_NO, OS_INFO, CPU_INFO,
                  GRAPC_CARD_INFO, MORY_INFO, POS_PGM_VER, REG_DTM, REG_EMP_ID,
                  IP, VAN_ID, DONGLE_MODEL, DONGLE_FW_VER,
                  FILLER1, FILLER2, FILLER3
                 )
          VALUES ( 
                  R.CO_CD, R.BIZLOC_ORG_CD, R.POS_NO, R.OS_INFO, R.CPU_INFO,
                  R.GRAPC_CARD_INFO, R.MORY_INFO, R.POS_PGM_VER, FN_DATETIME2STR(), 'cms_SysInfoRcv',
                  R.IP, R.VAN_ID, R.DONGLE_MODEL, R.DONGLE_FW_VER,
                  R.FILLER1, R.FILLER2, R.FILLER3
                 )
  ]]>
  </query>
  
  <query name="INS_SYSINFOEXT3">
  <![CDATA[
    MERGE INTO ST_POSSYSINFORCV_TRN T
    USING ( SELECT  ? AS CO_CD
                 ,  ? AS BIZLOC_ORG_CD
                 ,  ? AS POS_NO
                 ,  ? AS OS_INFO
                 ,  ? AS CPU_INFO
                 ,  ? AS GRAPC_CARD_INFO
                 ,  ? AS MORY_INFO
                 ,  ? AS POS_PGM_VER
                 ,  ? AS IP
                 ,  ? AS VAN_ID
                 ,	? AS DONGLE_MODEL
                 ,	? AS DONGLE_FW_VER
                 ,  ? AS FILLER1
                 ,  ? AS FILLER2
                 ,  ? AS FILLER3
                 ,  DECODE( NVL(?,'0') , '0' , 'N' , '1', 'Y', 'N') AS SELF_YN
                 ,  DECODE( NVL(?,'0') , '0' , 'N' , '1', 'Y', 'Z') AS PS_YN
                 
              FROM  DUAL
          ) R
       ON (   T.BIZLOC_ORG_CD = R.BIZLOC_ORG_CD 
          AND T.POS_NO        = R.POS_NO
          AND T.CO_CD         = R.CO_CD
          )
    WHEN MATCHED THEN
          UPDATE SET T.OS_INFO          = R.OS_INFO
                   , T.CPU_INFO         = R.CPU_INFO
                   , T.GRAPC_CARD_INFO  = R.GRAPC_CARD_INFO
                   , T.MORY_INFO        = R.MORY_INFO
                   , T.POS_PGM_VER      = R.POS_PGM_VER
                   , T.IP               = R.IP
                   , T.VAN_ID			= R.VAN_ID
                   , T.DONGLE_MODEL		= R.DONGLE_MODEL
                   , T.DONGLE_FW_VER	= R.DONGLE_FW_VER
                   , T.FILLER1          = R.FILLER1
                   , T.FILLER2          = R.FILLER2
                   , T.FILLER3          = R.FILLER3
                   , T.SELF_YN          = R.SELF_YN
                   , T.PS_YN            = R.PS_YN
                   , T.MOD_DTM          = FN_DATETIME2STR()
                   , T.MOD_EMP_ID       = 'cms_SysInfoRcv'
    WHEN NOT MATCHED THEN
          INSERT (
                  CO_CD, BIZLOC_ORG_CD, POS_NO, OS_INFO, CPU_INFO,
                  GRAPC_CARD_INFO, MORY_INFO, POS_PGM_VER, REG_DTM, REG_EMP_ID,
                  IP, VAN_ID, DONGLE_MODEL, DONGLE_FW_VER,
                  FILLER1, FILLER2, FILLER3 , SELF_YN , PS_YN
                 )
          VALUES ( 
                  R.CO_CD, R.BIZLOC_ORG_CD, R.POS_NO, R.OS_INFO, R.CPU_INFO,
                  R.GRAPC_CARD_INFO, R.MORY_INFO, R.POS_PGM_VER, FN_DATETIME2STR(), 'cms_SysInfoRcv',
                  R.IP, R.VAN_ID, R.DONGLE_MODEL, R.DONGLE_FW_VER,
                  R.FILLER1, R.FILLER2, R.FILLER3, R.SELF_YN , R.PS_YN
                 )
  ]]>
  </query>
    
  <query name="INS_SYSINFO">
  <![CDATA[
    MERGE INTO ST_POSSYSINFORCV_TRN T
    USING ( SELECT  ? AS CO_CD
                 ,  ? AS BIZLOC_ORG_CD
                 ,  ? AS POS_NO
                 ,  ? AS OS_INFO
                 ,  ? AS CPU_INFO
                 ,  ? AS GRAPC_CARD_INFO
                 ,  ? AS MORY_INFO
                 ,  ? AS POS_PGM_VER
                 ,  ? AS IP
              FROM  DUAL
          ) R
       ON (   T.BIZLOC_ORG_CD = R.BIZLOC_ORG_CD 
          AND T.POS_NO        = R.POS_NO
          AND T.CO_CD         = R.CO_CD
          )
    WHEN MATCHED THEN
          UPDATE SET T.OS_INFO          = R.OS_INFO
                   , T.CPU_INFO         = R.CPU_INFO
                   , T.GRAPC_CARD_INFO  = R.GRAPC_CARD_INFO
                   , T.MORY_INFO        = R.MORY_INFO
                   , T.POS_PGM_VER      = R.POS_PGM_VER
                   , T.IP               = R.IP
                   , T.MOD_DTM          = FN_DATETIME2STR()
                   , T.MOD_EMP_ID       = 'cms_SysInfoRcv'
    WHEN NOT MATCHED THEN
          INSERT (
                  CO_CD, BIZLOC_ORG_CD, POS_NO, OS_INFO, CPU_INFO,
                  GRAPC_CARD_INFO, MORY_INFO, POS_PGM_VER, REG_DTM, REG_EMP_ID,
                  IP
                 )
          VALUES ( 
                  R.CO_CD, R.BIZLOC_ORG_CD, R.POS_NO, R.OS_INFO, R.CPU_INFO,
                  R.GRAPC_CARD_INFO, R.MORY_INFO, R.POS_PGM_VER, FN_DATETIME2STR(), 'cms_SysInfoRcv',
                  R.IP
                 )
  ]]>
  </query>


  <!-- 02:신배신적용 조회 -->
  <query name="SEL_NEW_DEPLOY_ST">
  <![CDATA[ 
	SELECT	CASE 
		   		WHEN NEW_DEPLOY_YN = '1' THEN 'Y'
		   		ELSE 'N'
	  		END AS NEWDEPLOY_YN 
	FROM HQ_BIZLOC_NEW_DEPLOY_ST 
	  	WHERE 1=1
	  	AND BIZLOC_CD = ?
	  	AND CO_CD = ? 
                
    ]]>
  </query>  

  <!-- 카드여신 I/F적용 프로시져 호출 -->
  <query name="PR_BATCH_CARDLOAN_REC">
  <![CDATA[
  	DECLARE
  		v_ERR_NO	VARCHAR2(1000);
  		v_ERR_MSG	VARCHAR2(1000);
  	BEGIN
  		CMBO.PR_BATCH_CARDLOAN_REC('1002', TO_CHAR(SYSDATE,'YYYYMMDD'),?,  v_ERR_NO, v_ERR_MSG);
  	END;
  ]]>
  </query>  

</sql-resource>